[worker] starting worker 5f64fd15ac65 (cold start: load + compile on first run); log /tmp/lingbot-worker-5f64fd15ac65.log
[2026-10-06 17:15:51,317] INFO: loading weights/lingbot-world-v2-14b-causal-fast/Wan2.1_VAE.pth
[2026-10-06 17:15:51,732] INFO: loading weights/lingbot-world-v2-14b-causal-fast/Wan2.1_VAE.pth
[2026-10-06 17:15:52,256] INFO: Fused decoder on cuda:1 (compile=max-autotune-no-cudagraphs)
[2026-10-06 17:15:52,256] INFO: Loading WanModelFast from weights/lingbot-world-v2-1.3b-causal-fast
[2026-10-06 17:15:52,256] INFO: config.json not found in weights/lingbot-world-v2-1.3b-causal-fast; building WanModelFast from the task config and loading safetensors weights.
[2026-10-06 17:15:53,536] INFO: FP8 rowwise enabled on 420 of 420 Linear layers
[2026-10-06 17:15:54,210] INFO: DiT split 10:2 across cuda:0/1; card 1: 48 SMs DiT, 122 SMs decoder
[worker] pipeline built in 3 s (kept for later runs)
[2026-10-06 17:15:54,368] INFO: Generating video ...
  0%|          | 0/10 [00:00<?, ?it/s]W1006 17:16:37.220000 112021 .venv-cu130/lib/python3.12/site-packages/torch/_inductor/triton_bundler.py:247] [3/0] Failed to reload cubin file statically launchable autotuner triton_poi_fused_constant_pad_nd_0
W1006 17:16:37.220000 112021 .venv-cu130/lib/python3.12/site-packages/torch/_inductor/triton_bundler.py:247] [3/0] Traceback (most recent call last):
W1006 17:16:37.220000 112021 .venv-cu130/lib/python3.12/site-packages/torch/_inductor/triton_bundler.py:247] [3/0]   File "/workspace/repo/.venv-cu130/lib/python3.12/site-packages/torch/_inductor/triton_bundler.py", line 245, in load_autotuners
W1006 17:16:37.220000 112021 .venv-cu130/lib/python3.12/site-packages/torch/_inductor/triton_bundler.py:247] [3/0]     compile_result.reload_cubin_path()
W1006 17:16:37.220000 112021 .venv-cu130/lib/python3.12/site-packages/torch/_inductor/triton_bundler.py:247] [3/0]   File "/workspace/repo/.venv-cu130/lib/python3.12/site-packages/torch/_inductor/runtime/triton_heuristics.py", line 3037, in reload_cubin_path
W1006 17:16:37.220000 112021 .venv-cu130/lib/python3.12/site-packages/torch/_inductor/triton_bundler.py:247] [3/0]     raise RuntimeError(
W1006 17:16:37.220000 112021 .venv-cu130/lib/python3.12/site-packages/torch/_inductor/triton_bundler.py:247] [3/0] RuntimeError: ('Cubin file saved by TritonBundler not found at %s', '/workspace/repo/.inductor_cache_cu130/triton/1/BUTIBAJ7BTSOOH3OGLXZHHKHVGN7TIJBXVKGSBVD45V3LKV6TCKQ/triton_poi_fused_constant_pad_nd_0.cubin')
W1006 17:16:37.222000 112021 .venv-cu130/lib/python3.12/site-packages/torch/_inductor/triton_bundler.py:247] [3/0] Failed to reload cubin file statically launchable autotuner triton_poi_fused_clone_slice_1
W1006 17:16:37.222000 112021 .venv-cu130/lib/python3.12/site-packages/torch/_inductor/triton_bundler.py:247] [3/0] Traceback (most recent call last):
W1006 17:16:37.222000 112021 .venv-cu130/lib/python3.12/site-packages/torch/_inductor/triton_bundler.py:247] [3/0]   File "/workspace/repo/.venv-cu130/lib/python3.12/site-packages/torch/_inductor/triton_bundler.py", line 245, in load_autotuners
W1006 17:16:37.222000 112021 .venv-cu130/lib/python3.12/site-packages/torch/_inductor/triton_bundler.py:247] [3/0]     compile_result.reload_cubin_path()
W1006 17:16:37.222000 112021 .venv-cu130/lib/python3.12/site-packages/torch/_inductor/triton_bundler.py:247] [3/0]   File "/workspace/repo/.venv-cu130/lib/python3.12/site-packages/torch/_inductor/runtime/triton_heuristics.py", line 3037, in reload_cubin_path
W1006 17:16:37.222000 112021 .venv-cu130/lib/python3.12/site-packages/torch/_inductor/triton_bundler.py:247] [3/0]     raise RuntimeError(
W1006 17:16:37.222000 112021 .venv-cu130/lib/python3.12/site-packages/torch/_inductor/triton_bundler.py:247] [3/0] RuntimeError: ('Cubin file saved by TritonBundler not found at %s', '/workspace/repo/.inductor_cache_cu130/triton/1/KDUXCMWVQ63NFXU6UGEOBMQBPHL535TW55ZJYFLX3WIAZVLYHSCA/triton_poi_fused_clone_slice_1.cubin')
W1006 17:16:37.222000 112021 .venv-cu130/lib/python3.12/site-packages/torch/_inductor/triton_bundler.py:247] [3/0] Failed to reload cubin file statically launchable autotuner triton_tem_fused_constant_pad_nd_convolution_2
W1006 17:16:37.222000 112021 .venv-cu130/lib/python3.12/site-packages/torch/_inductor/triton_bundler.py:247] [3/0] Traceback (most recent call last):
W1006 17:16:37.222000 112021 .venv-cu130/lib/python3.12/site-packages/torch/_inductor/triton_bundler.py:247] [3/0]   File "/workspace/repo/.venv-cu130/lib/python3.12/site-packages/torch/_inductor/triton_bundler.py", line 245, in load_autotuners
W1006 17:16:37.222000 112021 .venv-cu130/lib/python3.12/site-packages/torch/_inductor/triton_bundler.py:247] [3/0]     compile_result.reload_cubin_path()
W1006 17:16:37.222000 112021 .venv-cu130/lib/python3.12/site-packages/torch/_inductor/triton_bundler.py:247] [3/0]   File "/workspace/repo/.venv-cu130/lib/python3.12/site-packages/torch/_inductor/runtime/triton_heuristics.py", line 3037, in reload_cubin_path
W1006 17:16:37.222000 112021 .venv-cu130/lib/python3.12/site-packages/torch/_inductor/triton_bundler.py:247] [3/0]     raise RuntimeError(
W1006 17:16:37.222000 112021 .venv-cu130/lib/python3.12/site-packages/torch/_inductor/triton_bundler.py:247] [3/0] RuntimeError: ('Cubin file saved by TritonBundler not found at %s', '/workspace/repo/.inductor_cache_cu130/triton/1/ONJJCAJOBKFMDBSJTKDBTCUEXHH3VEHMDHDOWGX6NBTGOCOMQDGQ/triton_tem_fused_constant_pad_nd_convolution_2.cubin')
W1006 17:16:37.222000 112021 .venv-cu130/lib/python3.12/site-packages/torch/_inductor/triton_bundler.py:247] [3/0] Failed to reload cubin file statically launchable autotuner triton_per_fused__to_copy_constant_pad_nd_convolution_linalg_vector_norm_3
W1006 17:16:37.222000 112021 .venv-cu130/lib/python3.12/site-packages/torch/_inductor/triton_bundler.py:247] [3/0] Traceback (most recent call last):
W1006 17:16:37.222000 112021 .venv-cu130/lib/python3.12/site-packages/torch/_inductor/triton_bundler.py:247] [3/0]   File "/workspace/repo/.venv-cu130/lib/python3.12/site-packages/torch/_inductor/triton_bundler.py", line 245, in load_autotuners
W1006 17:16:37.222000 112021 .venv-cu130/lib/python3.12/site-packages/torch/_inductor/triton_bundler.py:247] [3/0]     compile_result.reload_cubin_path()
W1006 17:16:37.222000 112021 .venv-cu130/lib/python3.12/site-packages/torch/_inductor/triton_bundler.py:247] [3/0]   File "/workspace/repo/.venv-cu130/lib/python3.12/site-packages/torch/_inductor/runtime/triton_heuristics.py", line 3037, in reload_cubin_path
W1006 17:16:37.222000 112021 .venv-cu130/lib/python3.12/site-packages/torch/_inductor/triton_bundler.py:247] [3/0]     raise RuntimeError(
W1006 17:16:37.222000 112021 .venv-cu130/lib/python3.12/site-packages/torch/_inductor/triton_bundler.py:247] [3/0] RuntimeError: ('Cubin file saved by TritonBundler not found at %s', '/workspace/repo/.inductor_cache_cu130/triton/1/VCH3U6D4E326I4KMGHPEGXN2ANL5EA4H3XJNLMQHUA43ASHCAVUQ/triton_per_fused__to_copy_constant_pad_nd_convolution_linalg_vector_norm_3.cubin')
W1006 17:16:37.223000 112021 .venv-cu130/lib/python3.12/site-packages/torch/_inductor/triton_bundler.py:247] [3/0] Failed to reload cubin file statically launchable autotuner triton_poi_fused_clone_new_zeros_4
W1006 17:16:37.223000 112021 .venv-cu130/lib/python3.12/site-packages/torch/_inductor/triton_bundler.py:247] [3/0] Traceback (most recent call last):
W1006 17:16:37.223000 112021 .venv-cu130/lib/python3.12/site-packages/torch/_inductor/triton_bundler.py:247] [3/0]   File "/workspace/repo/.venv-cu130/lib/python3.12/site-packages/torch/_inductor/triton_bundler.py", line 245, in load_autotuners
W1006 17:16:37.223000 112021 .venv-cu130/lib/python3.12/site-packages/torch/_inductor/triton_bundler.py:247] [3/0]     compile_result.reload_cubin_path()
W1006 17:16:37.223000 112021 .venv-cu130/lib/python3.12/site-packages/torch/_inductor/triton_bundler.py:247] [3/0]   File "/workspace/repo/.venv-cu130/lib/python3.12/site-packages/torch/_inductor/runtime/triton_heuristics.py", line 3037, in reload_cubin_path
W1006 17:16:37.223000 112021 .venv-cu130/lib/python3.12/site-packages/torch/_inductor/triton_bundler.py:247] [3/0]     raise RuntimeError(
W1006 17:16:37.223000 112021 .venv-cu130/lib/python3.12/site-packages/torch/_inductor/triton_bundler.py:247] [3/0] RuntimeError: ('Cubin file saved by TritonBundler not found at %s', '/workspace/repo/.inductor_cache_cu130/triton/1/VKOCMFBZGJE75EEIYHFGMHDFEV3BAS72DL7PGN3VK4CGDKVJDC3A/triton_poi_fused_clone_new_zeros_4.cubin')
W1006 17:16:37.223000 112021 .venv-cu130/lib/python3.12/site-packages/torch/_inductor/triton_bundler.py:247] [3/0] Failed to reload cubin file statically launchable autotuner triton_poi_fused__to_copy_add_clamp_min_constant_pad_nd_convolution_div_expand_linalg_vector_norm_mul_silu_5
W1006 17:16:37.223000 112021 .venv-cu130/lib/python3.12/site-packages/torch/_inductor/triton_bundler.py:247] [3/0] Traceback (most recent call last):
W1006 17:16:37.223000 112021 .venv-cu130/lib/python3.12/site-packages/torch/_inductor/triton_bundler.py:247] [3/0]   File "/workspace/repo/.venv-cu130/lib/python3.12/site-packages/torch/_inductor/triton_bundler.py", line 245, in load_autotuners
W1006 17:16:37.223000 112021 .venv-cu130/lib/python3.12/site-packages/torch/_inductor/triton_bundler.py:247] [3/0]     compile_result.reload_cubin_path()
W1006 17:16:37.223000 112021 .venv-cu130/lib/python3.12/site-packages/torch/_inductor/triton_bundler.py:247] [3/0]   File "/workspace/repo/.venv-cu130/lib/python3.12/site-packages/torch/_inductor/runtime/triton_heuristics.py", line 3037, in reload_cubin_path
W1006 17:16:37.223000 112021 .venv-cu130/lib/python3.12/site-packages/torch/_inductor/triton_bundler.py:247] [3/0]     raise RuntimeError(
W1006 17:16:37.223000 112021 .venv-cu130/lib/python3.12/site-packages/torch/_inductor/triton_bundler.py:247] [3/0] RuntimeError: ('Cubin file saved by TritonBundler not found at %s', '/workspace/repo/.inductor_cache_cu130/triton/1/ELY6EEHU3OCWCBYZC4HSOHRK3KK6RXIVJBDWZTTWQCBGDDZDNJFA/triton_poi_fused__to_copy_add_clamp_min_constant_pad_nd_convolution_div_expand_linalg_vector_norm_mul_silu_5.cubin')
W1006 17:16:37.223000 112021 .venv-cu130/lib/python3.12/site-packages/torch/_inductor/triton_bundler.py:247] [3/0] Failed to reload cubin file statically launchable autotuner triton_tem_fused_convolution_6
W1006 17:16:37.223000 112021 .venv-cu130/lib/python3.12/site-packages/torch/_inductor/triton_bundler.py:247] [3/0] Traceback (most recent call last):
W1006 17:16:37.223000 112021 .venv-cu130/lib/python3.12/site-packages/torch/_inductor/triton_bundler.py:247] [3/0]   File "/workspace/repo/.venv-cu130/lib/python3.12/site-packages/torch/_inductor/triton_bundler.py", line 245, in load_autotuners
W1006 17:16:37.223000 112021 .venv-cu130/lib/python3.12/site-packages/torch/_inductor/triton_bundler.py:247] [3/0]     compile_result.reload_cubin_path()
W1006 17:16:37.223000 112021 .venv-cu130/lib/python3.12/site-packages/torch/_inductor/triton_bundler.py:247] [3/0]   File "/workspace/repo/.venv-cu130/lib/python3.12/site-packages/torch/_inductor/runtime/triton_heuristics.py", line 3037, in reload_cubin_path
W1006 17:16:37.223000 112021 .venv-cu130/lib/python3.12/site-packages/torch/_inductor/triton_bundler.py:247] [3/0]     raise RuntimeError(
W1006 17:16:37.223000 112021 .venv-cu130/lib/python3.12/site-packages/torch/_inductor/triton_bundler.py:247] [3/0] RuntimeError: ('Cubin file saved by TritonBundler not found at %s', '/workspace/repo/.inductor_cache_cu130/triton/1/X2KKPI25EAC6FDU4BX6H35QHQDOXXRZVHCHYT7COWHL3IDUL4IIQ/triton_tem_fused_convolution_6.cubin')
W1006 17:16:37.224000 112021 .venv-cu130/lib/python3.12/site-packages/torch/_inductor/triton_bundler.py:247] [3/0] Failed to reload cubin file statically launchable autotuner triton_poi_fused_clone_slice_7
W1006 17:16:37.224000 112021 .venv-cu130/lib/python3.12/site-packages/torch/_inductor/triton_bundler.py:247] [3/0] Traceback (most recent call last):
W1006 17:16:37.224000 112021 .venv-cu130/lib/python3.12/site-packages/torch/_inductor/triton_bundler.py:247] [3/0]   File "/workspace/repo/.venv-cu130/lib/python3.12/site-packages/torch/_inductor/triton_bundler.py", line 245, in load_autotuners
W1006 17:16:37.224000 112021 .venv-cu130/lib/python3.12/site-packages/torch/_inductor/triton_bundler.py:247] [3/0]     compile_result.reload_cubin_path()
W1006 17:16:37.224000 112021 .venv-cu130/lib/python3.12/site-packages/torch/_inductor/triton_bundler.py:247] [3/0]   File "/workspace/repo/.venv-cu130/lib/python3.12/site-packages/torch/_inductor/runtime/triton_heuristics.py", line 3037, in reload_cubin_path
W1006 17:16:37.224000 112021 .venv-cu130/lib/python3.12/site-packages/torch/_inductor/triton_bundler.py:247] [3/0]     raise RuntimeError(
W1006 17:16:37.224000 112021 .venv-cu130/lib/python3.12/site-packages/torch/_inductor/triton_bundler.py:247] [3/0] RuntimeError: ('Cubin file saved by TritonBundler not found at %s', '/workspace/repo/.inductor_cache_cu130/triton/1/PQ5IVWLQR27DX7PQ3KAA6U2GOO6FY6P243ZI36XPDKT7GZDDSE5Q/triton_poi_fused_clone_slice_7.cubin')
W1006 17:16:37.224000 112021 .venv-cu130/lib/python3.12/site-packages/torch/_inductor/triton_bundler.py:247] [3/0] Failed to reload cubin file statically launchable autotuner triton_per_fused__to_copy_add_clamp_min_constant_pad_nd_convolution_div_expand_linalg_vector_norm_mul_permute_view_8
W1006 17:16:37.224000 112021 .venv-cu130/lib/python3.12/site-packages/torch/_inductor/triton_bundler.py:247] [3/0] Traceback (most recent call last):
W1006 17:16:37.224000 112021 .venv-cu130/lib/python3.12/site-packages/torch/_inductor/triton_bundler.py:247] [3/0]   File "/workspace/repo/.venv-cu130/lib/python3.12/site-packages/torch/_inductor/triton_bundler.py", line 245, in load_autotuners
W1006 17:16:37.224000 112021 .venv-cu130/lib/python3.12/site-packages/torch/_inductor/triton_bundler.py:247] [3/0]     compile_result.reload_cubin_path()
W1006 17:16:37.224000 112021 .venv-cu130/lib/python3.12/site-packages/torch/_inductor/triton_bundler.py:247] [3/0]   File "/workspace/repo/.venv-cu130/lib/python3.12/site-packages/torch/_inductor/runtime/triton_heuristics.py", line 3037, in reload_cubin_path
W1006 17:16:37.224000 112021 .venv-cu130/lib/python3.12/site-packages/torch/_inductor/triton_bundler.py:247] [3/0]     raise RuntimeError(
W1006 17:16:37.224000 112021 .venv-cu130/lib/python3.12/site-packages/torch/_inductor/triton_bundler.py:247] [3/0] RuntimeError: ('Cubin file saved by TritonBundler not found at %s', '/workspace/repo/.inductor_cache_cu130/triton/1/BMVUFS6CYOSE6XMTGYSZSS4PWEOSOJTFDG4LS6XJ2M3PHEJ52YTA/triton_per_fused__to_copy_add_clamp_min_constant_pad_nd_convolution_div_expand_linalg_vector_norm_mul_permute_view_8.cubin')
W1006 17:16:37.224000 112021 .venv-cu130/lib/python3.12/site-packages/torch/_inductor/triton_bundler.py:247] [3/0] Failed to reload cubin file statically launchable autotuner triton_tem_fused__to_copy_add_clamp_min_constant_pad_nd_convolution_div_expand_linalg_vector_norm_mul_permute_view_9
W1006 17:16:37.224000 112021 .venv-cu130/lib/python3.12/site-packages/torch/_inductor/triton_bundler.py:247] [3/0] Traceback (most recent call last):
W1006 17:16:37.224000 112021 .venv-cu130/lib/python3.12/site-packages/torch/_inductor/triton_bundler.py:247] [3/0]   File "/workspace/repo/.venv-cu130/lib/python3.12/site-packages/torch/_inductor/triton_bundler.py", line 245, in load_autotuners
W1006 17:16:37.224000 112021 .venv-cu130/lib/python3.12/site-packages/torch/_inductor/triton_bundler.py:247] [3/0]     compile_result.reload_cubin_path()
W1006 17:16:37.224000 112021 .venv-cu130/lib/python3.12/site-packages/torch/_inductor/triton_bundler.py:247] [3/0]   File "/workspace/repo/.venv-cu130/lib/python3.12/site-packages/torch/_inductor/runtime/triton_heuristics.py", line 3037, in reload_cubin_path
W1006 17:16:37.224000 112021 .venv-cu130/lib/python3.12/site-packages/torch/_inductor/triton_bundler.py:247] [3/0]     raise RuntimeError(
W1006 17:16:37.224000 112021 .venv-cu130/lib/python3.12/site-packages/torch/_inductor/triton_bundler.py:247] [3/0] RuntimeError: ('Cubin file saved by TritonBundler not found at %s', '/workspace/repo/.inductor_cache_cu130/triton/1/LTOZ4SDQSVBIYYSS347LIK7KQG7KE27DWCS3KYYJ5V5BDSDLOLYQ/triton_tem_fused__to_copy_add_clamp_min_constant_pad_nd_convolution_div_expand_linalg_vector_norm_mul_permute_view_9.cubin')
W1006 17:16:37.225000 112021 .venv-cu130/lib/python3.12/site-packages/torch/_inductor/triton_bundler.py:247] [3/0] Failed to reload cubin file statically launchable autotuner triton_tem_fused_convolution_permute_squeeze_view_10
W1006 17:16:37.225000 112021 .venv-cu130/lib/python3.12/site-packages/torch/_inductor/triton_bundler.py:247] [3/0] Traceback (most recent call last):
W1006 17:16:37.225000 112021 .venv-cu130/lib/python3.12/site-packages/torch/_inductor/triton_bundler.py:247] [3/0]   File "/workspace/repo/.venv-cu130/lib/python3.12/site-packages/torch/_inductor/triton_bundler.py", line 245, in load_autotuners
W1006 17:16:37.225000 112021 .venv-cu130/lib/python3.12/site-packages/torch/_inductor/triton_bundler.py:247] [3/0]     compile_result.reload_cubin_path()
W1006 17:16:37.225000 112021 .venv-cu130/lib/python3.12/site-packages/torch/_inductor/triton_bundler.py:247] [3/0]   File "/workspace/repo/.venv-cu130/lib/python3.12/site-packages/torch/_inductor/runtime/triton_heuristics.py", line 3037, in reload_cubin_path
W1006 17:16:37.225000 112021 .venv-cu130/lib/python3.12/site-packages/torch/_inductor/triton_bundler.py:247] [3/0]     raise RuntimeError(
W1006 17:16:37.225000 112021 .venv-cu130/lib/python3.12/site-packages/torch/_inductor/triton_bundler.py:247] [3/0] RuntimeError: ('Cubin file saved by TritonBundler not found at %s', '/workspace/repo/.inductor_cache_cu130/triton/1/BP4SAZS7X7CJII2A6HCOC3NFSQDGIBONBAAQDD7N5M5EAFPXMURQ/triton_tem_fused_convolution_permute_squeeze_view_10.cubin')
W1006 17:16:37.225000 112021 .venv-cu130/lib/python3.12/site-packages/torch/_inductor/triton_bundler.py:247] [3/0] Failed to reload cubin file statically launchable autotuner triton_per_fused__to_copy_add_constant_pad_nd_convolution_linalg_vector_norm_permute_squeeze_view_11
W1006 17:16:37.225000 112021 .venv-cu130/lib/python3.12/site-packages/torch/_inductor/triton_bundler.py:247] [3/0] Traceback (most recent call last):
W1006 17:16:37.225000 112021 .venv-cu130/lib/python3.12/site-packages/torch/_inductor/triton_bundler.py:247] [3/0]   File "/workspace/repo/.venv-cu130/lib/python3.12/site-packages/torch/_inductor/triton_bundler.py", line 245, in load_autotuners
W1006 17:16:37.225000 112021 .venv-cu130/lib/python3.12/site-packages/torch/_inductor/triton_bundler.py:247] [3/0]     compile_result.reload_cubin_path()
W1006 17:16:37.225000 112021 .venv-cu130/lib/python3.12/site-packages/torch/_inductor/triton_bundler.py:247] [3/0]   File "/workspace/repo/.venv-cu130/lib/python3.12/site-packages/torch/_inductor/runtime/triton_heuristics.py", line 3037, in reload_cubin_path
W1006 17:16:37.225000 112021 .venv-cu130/lib/python3.12/site-packages/torch/_inductor/triton_bundler.py:247] [3/0]     raise RuntimeError(
W1006 17:16:37.225000 112021 .venv-cu130/lib/python3.12/site-packages/torch/_inductor/triton_bundler.py:247] [3/0] RuntimeError: ('Cubin file saved by TritonBundler not found at %s', '/workspace/repo/.inductor_cache_cu130/triton/1/YBBSFOSKKJUDK3PL4V5GKCNQR2BB5HBYVWWPBY3O3L5RJAMD2MXQ/triton_per_fused__to_copy_add_constant_pad_nd_convolution_linalg_vector_norm_permute_squeeze_view_11.cubin')
W1006 17:16:37.225000 112021 .venv-cu130/lib/python3.12/site-packages/torch/_inductor/triton_bundler.py:247] [3/0] Failed to reload cubin file statically launchable autotuner triton_poi_fused__to_copy_add_clamp_min_constant_pad_nd_div_expand_linalg_vector_norm_mul_silu_12
W1006 17:16:37.225000 112021 .venv-cu130/lib/python3.12/site-packages/torch/_inductor/triton_bundler.py:247] [3/0] Traceback (most recent call last):
W1006 17:16:37.225000 112021 .venv-cu130/lib/python3.12/site-packages/torch/_inductor/triton_bundler.py:247] [3/0]   File "/workspace/repo/.venv-cu130/lib/python3.12/site-packages/torch/_inductor/triton_bundler.py", line 245, in load_autotuners
W1006 17:16:37.225000 112021 .venv-cu130/lib/python3.12/site-packages/torch/_inductor/triton_bundler.py:247] [3/0]     compile_result.reload_cubin_path()
W1006 17:16:37.225000 112021 .venv-cu130/lib/python3.12/site-packages/torch/_inductor/triton_bundler.py:247] [3/0]   File "/workspace/repo/.venv-cu130/lib/python3.12/site-packages/torch/_inductor/runtime/triton_heuristics.py", line 3037, in reload_cubin_path
W1006 17:16:37.225000 112021 .venv-cu130/lib/python3.12/site-packages/torch/_inductor/triton_bundler.py:247] [3/0]     raise RuntimeError(
W1006 17:16:37.225000 112021 .venv-cu130/lib/python3.12/site-packages/torch/_inductor/triton_bundler.py:247] [3/0] RuntimeError: ('Cubin file saved by TritonBundler not found at %s', '/workspace/repo/.inductor_cache_cu130/triton/1/FUCXGRF3E33HSZM3QDY5C5NG3337JEPU7LH35S4S4ABGG36MR6DA/triton_poi_fused__to_copy_add_clamp_min_constant_pad_nd_div_expand_linalg_vector_norm_mul_silu_12.cubin')
W1006 17:16:37.226000 112021 .venv-cu130/lib/python3.12/site-packages/torch/_inductor/triton_bundler.py:247] [3/0] Failed to reload cubin file statically launchable autotuner triton_per_fused__to_copy_add_clamp_min_convolution_div_expand_linalg_vector_norm_mul_13
W1006 17:16:37.226000 112021 .venv-cu130/lib/python3.12/site-packages/torch/_inductor/triton_bundler.py:247] [3/0] Traceback (most recent call last):
W1006 17:16:37.226000 112021 .venv-cu130/lib/python3.12/site-packages/torch/_inductor/triton_bundler.py:247] [3/0]   File "/workspace/repo/.venv-cu130/lib/python3.12/site-packages/torch/_inductor/triton_bundler.py", line 245, in load_autotuners
W1006 17:16:37.226000 112021 .venv-cu130/lib/python3.12/site-packages/torch/_inductor/triton_bundler.py:247] [3/0]     compile_result.reload_cubin_path()
W1006 17:16:37.226000 112021 .venv-cu130/lib/python3.12/site-packages/torch/_inductor/triton_bundler.py:247] [3/0]   File "/workspace/repo/.venv-cu130/lib/python3.12/site-packages/torch/_inductor/runtime/triton_heuristics.py", line 3037, in reload_cubin_path
W1006 17:16:37.226000 112021 .venv-cu130/lib/python3.12/site-packages/torch/_inductor/triton_bundler.py:247] [3/0]     raise RuntimeError(
W1006 17:16:37.226000 112021 .venv-cu130/lib/python3.12/site-packages/torch/_inductor/triton_bundler.py:247] [3/0] RuntimeError: ('Cubin file saved by TritonBundler not found at %s', '/workspace/repo/.inductor_cache_cu130/triton/1/P6QAEVK7WALADFGT3R6WFMALEF2DRDD6XIVJP4VXHJSFRGJIKYIA/triton_per_fused__to_copy_add_clamp_min_convolution_div_expand_linalg_vector_norm_mul_13.cubin')
W1006 17:16:37.226000 112021 .venv-cu130/lib/python3.12/site-packages/torch/_inductor/triton_bundler.py:247] [3/0] Failed to reload cubin file statically launchable autotuner triton_poi_fused__to_copy_constant_pad_nd_silu_14
W1006 17:16:37.226000 112021 .venv-cu130/lib/python3.12/site-packages/torch/_inductor/triton_bundler.py:247] [3/0] Traceback (most recent call last):
W1006 17:16:37.226000 112021 .venv-cu130/lib/python3.12/site-packages/torch/_inductor/triton_bundler.py:247] [3/0]   File "/workspace/repo/.venv-cu130/lib/python3.12/site-packages/torch/_inductor/triton_bundler.py", line 245, in load_autotuners
W1006 17:16:37.226000 112021 .venv-cu130/lib/python3.12/site-packages/torch/_inductor/triton_bundler.py:247] [3/0]     compile_result.reload_cubin_path()
W1006 17:16:37.226000 112021 .venv-cu130/lib/python3.12/site-packages/torch/_inductor/triton_bundler.py:247] [3/0]   File "/workspace/repo/.venv-cu130/lib/python3.12/site-packages/torch/_inductor/runtime/triton_heuristics.py", line 3037, in reload_cubin_path
W1006 17:16:37.226000 112021 .venv-cu130/lib/python3.12/site-packages/torch/_inductor/triton_bundler.py:247] [3/0]     raise RuntimeError(
W1006 17:16:37.226000 112021 .venv-cu130/lib/python3.12/site-packages/torch/_inductor/triton_bundler.py:247] [3/0] RuntimeError: ('Cubin file saved by TritonBundler not found at %s', '/workspace/repo/.inductor_cache_cu130/triton/1/RNKQNE3N34XOZWVGFKZRI2OYQO6WQ6UGRDKLBMDSAV77RB3FVTJQ/triton_poi_fused__to_copy_constant_pad_nd_silu_14.cubin')
W1006 17:16:37.226000 112021 .venv-cu130/lib/python3.12/site-packages/torch/_inductor/triton_bundler.py:247] [3/0] Failed to reload cubin file statically launchable autotuner triton_per_fused__to_copy_add_convolution_linalg_vector_norm_15
W1006 17:16:37.226000 112021 .venv-cu130/lib/python3.12/site-packages/torch/_inductor/triton_bundler.py:247] [3/0] Traceback (most recent call last):
W1006 17:16:37.226000 112021 .venv-cu130/lib/python3.12/site-packages/torch/_inductor/triton_bundler.py:247] [3/0]   File "/workspace/repo/.venv-cu130/lib/python3.12/site-packages/torch/_inductor/triton_bundler.py", line 245, in load_autotuners
W1006 17:16:37.226000 112021 .venv-cu130/lib/python3.12/site-packages/torch/_inductor/triton_bundler.py:247] [3/0]     compile_result.reload_cubin_path()
W1006 17:16:37.226000 112021 .venv-cu130/lib/python3.12/site-packages/torch/_inductor/triton_bundler.py:247] [3/0]   File "/workspace/repo/.venv-cu130/lib/python3.12/site-packages/torch/_inductor/runtime/triton_heuristics.py", line 3037, in reload_cubin_path
W1006 17:16:37.226000 112021 .venv-cu130/lib/python3.12/site-packages/torch/_inductor/triton_bundler.py:247] [3/0]     raise RuntimeError(
W1006 17:16:37.226000 112021 .venv-cu130/lib/python3.12/site-packages/torch/_inductor/triton_bundler.py:247] [3/0] RuntimeError: ('Cubin file saved by TritonBundler not found at %s', '/workspace/repo/.inductor_cache_cu130/triton/1/OSPKLVCYIRTK2EUXT7RSC5EZGWSG5T6SQICUOHCUOE22M2BEFJZA/triton_per_fused__to_copy_add_convolution_linalg_vector_norm_15.cubin')
W1006 17:16:37.226000 112021 .venv-cu130/lib/python3.12/site-packages/torch/_inductor/triton_bundler.py:247] [3/0] Failed to reload cubin file statically launchable autotuner triton_poi_fused_add_convolution_16
W1006 17:16:37.226000 112021 .venv-cu130/lib/python3.12/site-packages/torch/_inductor/triton_bundler.py:247] [3/0] Traceback (most recent call last):
W1006 17:16:37.226000 112021 .venv-cu130/lib/python3.12/site-packages/torch/_inductor/triton_bundler.py:247] [3/0]   File "/workspace/repo/.venv-cu130/lib/python3.12/site-packages/torch/_inductor/triton_bundler.py", line 245, in load_autotuners
W1006 17:16:37.226000 112021 .venv-cu130/lib/python3.12/site-packages/torch/_inductor/triton_bundler.py:247] [3/0]     compile_result.reload_cubin_path()
W1006 17:16:37.226000 112021 .venv-cu130/lib/python3.12/site-packages/torch/_inductor/triton_bundler.py:247] [3/0]   File "/workspace/repo/.venv-cu130/lib/python3.12/site-packages/torch/_inductor/runtime/triton_heuristics.py", line 3037, in reload_cubin_path
W1006 17:16:37.226000 112021 .venv-cu130/lib/python3.12/site-packages/torch/_inductor/triton_bundler.py:247] [3/0]     raise RuntimeError(
W1006 17:16:37.226000 112021 .venv-cu130/lib/python3.12/site-packages/torch/_inductor/triton_bundler.py:247] [3/0] RuntimeError: ('Cubin file saved by TritonBundler not found at %s', '/workspace/repo/.inductor_cache_cu130/triton/1/QBMU7IEALZ37HZVLYR7I7XROJPA7QOBC24BBMNOYU6FM2GGGVR6Q/triton_poi_fused_add_convolution_16.cubin')
W1006 17:16:37.227000 112021 .venv-cu130/lib/python3.12/site-packages/torch/_inductor/triton_bundler.py:247] [3/0] Failed to reload cubin file statically launchable autotuner triton_tem_fused_add_convolution_permute_view_17
W1006 17:16:37.227000 112021 .venv-cu130/lib/python3.12/site-packages/torch/_inductor/triton_bundler.py:247] [3/0] Traceback (most recent call last):
W1006 17:16:37.227000 112021 .venv-cu130/lib/python3.12/site-packages/torch/_inductor/triton_bundler.py:247] [3/0]   File "/workspace/repo/.venv-cu130/lib/python3.12/site-packages/torch/_inductor/triton_bundler.py", line 245, in load_autotuners
W1006 17:16:37.227000 112021 .venv-cu130/lib/python3.12/site-packages/torch/_inductor/triton_bundler.py:247] [3/0]     compile_result.reload_cubin_path()
W1006 17:16:37.227000 112021 .venv-cu130/lib/python3.12/site-packages/torch/_inductor/triton_bundler.py:247] [3/0]   File "/workspace/repo/.venv-cu130/lib/python3.12/site-packages/torch/_inductor/runtime/triton_heuristics.py", line 3037, in reload_cubin_path
W1006 17:16:37.227000 112021 .venv-cu130/lib/python3.12/site-packages/torch/_inductor/triton_bundler.py:247] [3/0]     raise RuntimeError(
W1006 17:16:37.227000 112021 .venv-cu130/lib/python3.12/site-packages/torch/_inductor/triton_bundler.py:247] [3/0] RuntimeError: ('Cubin file saved by TritonBundler not found at %s', '/workspace/repo/.inductor_cache_cu130/triton/1/T3BWNG7GXFNJD6DISA5T2W23VAO73665HG35TEDF7LOJ3FUIKSPA/triton_tem_fused_add_convolution_permute_view_17.cubin')
W1006 17:16:37.227000 112021 .venv-cu130/lib/python3.12/site-packages/torch/_inductor/triton_bundler.py:247] [3/0] Failed to reload cubin file statically launchable autotuner triton_poi_fused__unsafe_view_add_clone_convolution_permute_pixel_shuffle_select_slice_stack_view_18
W1006 17:16:37.227000 112021 .venv-cu130/lib/python3.12/site-packages/torch/_inductor/triton_bundler.py:247] [3/0] Traceback (most recent call last):
W1006 17:16:37.227000 112021 .venv-cu130/lib/python3.12/site-packages/torch/_inductor/triton_bundler.py:247] [3/0]   File "/workspace/repo/.venv-cu130/lib/python3.12/site-packages/torch/_inductor/triton_bundler.py", line 245, in load_autotuners
W1006 17:16:37.227000 112021 .venv-cu130/lib/python3.12/site-packages/torch/_inductor/triton_bundler.py:247] [3/0]     compile_result.reload_cubin_path()
W1006 17:16:37.227000 112021 .venv-cu130/lib/python3.12/site-packages/torch/_inductor/triton_bundler.py:247] [3/0]   File "/workspace/repo/.venv-cu130/lib/python3.12/site-packages/torch/_inductor/runtime/triton_heuristics.py", line 3037, in reload_cubin_path
W1006 17:16:37.227000 112021 .venv-cu130/lib/python3.12/site-packages/torch/_inductor/triton_bundler.py:247] [3/0]     raise RuntimeError(
W1006 17:16:37.227000 112021 .venv-cu130/lib/python3.12/site-packages/torch/_inductor/triton_bundler.py:247] [3/0] RuntimeError: ('Cubin file saved by TritonBundler not found at %s', '/workspace/repo/.inductor_cache_cu130/triton/1/QAU3LK3S3XTPBRQZMBELPXISIND4LERKV5WOZBNTVA37JWLUBV5Q/triton_poi_fused__unsafe_view_add_clone_convolution_permute_pixel_shuffle_select_slice_stack_view_18.cubin')
W1006 17:16:37.227000 112021 .venv-cu130/lib/python3.12/site-packages/torch/_inductor/triton_bundler.py:247] [3/0] Failed to reload cubin file statically launchable autotuner triton_poi_fused__unsafe_view_clone_convolution_permute_pixel_shuffle_stack_view_19
W1006 17:16:37.227000 112021 .venv-cu130/lib/python3.12/site-packages/torch/_inductor/triton_bundler.py:247] [3/0] Traceback (most recent call last):
W1006 17:16:37.227000 112021 .venv-cu130/lib/python3.12/site-packages/torch/_inductor/triton_bundler.py:247] [3/0]   File "/workspace/repo/.venv-cu130/lib/python3.12/site-packages/torch/_inductor/triton_bundler.py", line 245, in load_autotuners
W1006 17:16:37.227000 112021 .venv-cu130/lib/python3.12/site-packages/torch/_inductor/triton_bundler.py:247] [3/0]     compile_result.reload_cubin_path()
W1006 17:16:37.227000 112021 .venv-cu130/lib/python3.12/site-packages/torch/_inductor/triton_bundler.py:247] [3/0]   File "/workspace/repo/.venv-cu130/lib/python3.12/site-packages/torch/_inductor/runtime/triton_heuristics.py", line 3037, in reload_cubin_path
W1006 17:16:37.227000 112021 .venv-cu130/lib/python3.12/site-packages/torch/_inductor/triton_bundler.py:247] [3/0]     raise RuntimeError(
W1006 17:16:37.227000 112021 .venv-cu130/lib/python3.12/site-packages/torch/_inductor/triton_bundler.py:247] [3/0] RuntimeError: ('Cubin file saved by TritonBundler not found at %s', '/workspace/repo/.inductor_cache_cu130/triton/1/4MUL35MBR5CMVKNJNNH6ZOSNGCRAISTXUGXL2AIYXTWX3PJQAZ4Q/triton_poi_fused__unsafe_view_clone_convolution_permute_pixel_shuffle_stack_view_19.cubin')
W1006 17:16:37.228000 112021 .venv-cu130/lib/python3.12/site-packages/torch/_inductor/triton_bundler.py:247] [3/0] Failed to reload cubin file statically launchable autotuner triton_per_fused__to_copy__unsafe_view_clone_linalg_vector_norm_permute_pixel_shuffle_stack_view_20
W1006 17:16:37.228000 112021 .venv-cu130/lib/python3.12/site-packages/torch/_inductor/triton_bundler.py:247] [3/0] Traceback (most recent call last):
W1006 17:16:37.228000 112021 .venv-cu130/lib/python3.12/site-packages/torch/_inductor/triton_bundler.py:247] [3/0]   File "/workspace/repo/.venv-cu130/lib/python3.12/site-packages/torch/_inductor/triton_bundler.py", line 245, in load_autotuners
W1006 17:16:37.228000 112021 .venv-cu130/lib/python3.12/site-packages/torch/_inductor/triton_bundler.py:247] [3/0]     compile_result.reload_cubin_path()
W1006 17:16:37.228000 112021 .venv-cu130/lib/python3.12/site-packages/torch/_inductor/triton_bundler.py:247] [3/0]   File "/workspace/repo/.venv-cu130/lib/python3.12/site-packages/torch/_inductor/runtime/triton_heuristics.py", line 3037, in reload_cubin_path
W1006 17:16:37.228000 112021 .venv-cu130/lib/python3.12/site-packages/torch/_inductor/triton_bundler.py:247] [3/0]     raise RuntimeError(
W1006 17:16:37.228000 112021 .venv-cu130/lib/python3.12/site-packages/torch/_inductor/triton_bundler.py:247] [3/0] RuntimeError: ('Cubin file saved by TritonBundler not found at %s', '/workspace/repo/.inductor_cache_cu130/triton/1/ADAUIXRT7EAMG7LUB6Z5KDZTJRHEWH5SU4TCCP6SEMGRCSADTHGA/triton_per_fused__to_copy__unsafe_view_clone_linalg_vector_norm_permute_pixel_shuffle_stack_view_20.cubin')
W1006 17:16:37.228000 112021 .venv-cu130/lib/python3.12/site-packages/torch/_inductor/triton_bundler.py:247] [3/0] Failed to reload cubin file statically launchable autotuner triton_tem_fused__unsafe_view_clone_convolution_permute_pixel_shuffle_stack_view_21
W1006 17:16:37.228000 112021 .venv-cu130/lib/python3.12/site-packages/torch/_inductor/triton_bundler.py:247] [3/0] Traceback (most recent call last):
W1006 17:16:37.228000 112021 .venv-cu130/lib/python3.12/site-packages/torch/_inductor/triton_bundler.py:247] [3/0]   File "/workspace/repo/.venv-cu130/lib/python3.12/site-packages/torch/_inductor/triton_bundler.py", line 245, in load_autotuners
W1006 17:16:37.228000 112021 .venv-cu130/lib/python3.12/site-packages/torch/_inductor/triton_bundler.py:247] [3/0]     compile_result.reload_cubin_path()
W1006 17:16:37.228000 112021 .venv-cu130/lib/python3.12/site-packages/torch/_inductor/triton_bundler.py:247] [3/0]   File "/workspace/repo/.venv-cu130/lib/python3.12/site-packages/torch/_inductor/runtime/triton_heuristics.py", line 3037, in reload_cubin_path
W1006 17:16:37.228000 112021 .venv-cu130/lib/python3.12/site-packages/torch/_inductor/triton_bundler.py:247] [3/0]     raise RuntimeError(
W1006 17:16:37.228000 112021 .venv-cu130/lib/python3.12/site-packages/torch/_inductor/triton_bundler.py:247] [3/0] RuntimeError: ('Cubin file saved by TritonBundler not found at %s', '/workspace/repo/.inductor_cache_cu130/triton/1/DVT7PHNMGJ77CTLRL3YX2L7AGCLRTPYMQCLRGU3MTPNARU7LNWTQ/triton_tem_fused__unsafe_view_clone_convolution_permute_pixel_shuffle_stack_view_21.cubin')
W1006 17:16:37.228000 112021 .venv-cu130/lib/python3.12/site-packages/torch/_inductor/triton_bundler.py:247] [3/0] Failed to reload cubin file statically launchable autotuner triton_poi_fused__to_copy__unsafe_view_add_clamp_min_clone_constant_pad_nd_div_expand_linalg_vector_norm_mul_permute_pixel_shuffle_silu_stack_view_22
W1006 17:16:37.228000 112021 .venv-cu130/lib/python3.12/site-packages/torch/_inductor/triton_bundler.py:247] [3/0] Traceback (most recent call last):
W1006 17:16:37.228000 112021 .venv-cu130/lib/python3.12/site-packages/torch/_inductor/triton_bundler.py:247] [3/0]   File "/workspace/repo/.venv-cu130/lib/python3.12/site-packages/torch/_inductor/triton_bundler.py", line 245, in load_autotuners
W1006 17:16:37.228000 112021 .venv-cu130/lib/python3.12/site-packages/torch/_inductor/triton_bundler.py:247] [3/0]     compile_result.reload_cubin_path()
W1006 17:16:37.228000 112021 .venv-cu130/lib/python3.12/site-packages/torch/_inductor/triton_bundler.py:247] [3/0]   File "/workspace/repo/.venv-cu130/lib/python3.12/site-packages/torch/_inductor/runtime/triton_heuristics.py", line 3037, in reload_cubin_path
W1006 17:16:37.228000 112021 .venv-cu130/lib/python3.12/site-packages/torch/_inductor/triton_bundler.py:247] [3/0]     raise RuntimeError(
W1006 17:16:37.228000 112021 .venv-cu130/lib/python3.12/site-packages/torch/_inductor/triton_bundler.py:247] [3/0] RuntimeError: ('Cubin file saved by TritonBundler not found at %s', '/workspace/repo/.inductor_cache_cu130/triton/1/VZZWH6HOWU6JO64GW3VYTE5JYVR44MGRPK4TSWQMIJPP24SJUOBQ/triton_poi_fused__to_copy__unsafe_view_add_clamp_min_clone_constant_pad_nd_div_expand_linalg_vector_norm_mul_permute_pixel_shuffle_silu_stack_view_22.cubin')
W1006 17:16:37.229000 112021 .venv-cu130/lib/python3.12/site-packages/torch/_inductor/triton_bundler.py:247] [3/0] Failed to reload cubin file statically launchable autotuner triton_poi_fused_clone_slice_23
W1006 17:16:37.229000 112021 .venv-cu130/lib/python3.12/site-packages/torch/_inductor/triton_bundler.py:247] [3/0] Traceback (most recent call last):
W1006 17:16:37.229000 112021 .venv-cu130/lib/python3.12/site-packages/torch/_inductor/triton_bundler.py:247] [3/0]   File "/workspace/repo/.venv-cu130/lib/python3.12/site-packages/torch/_inductor/triton_bundler.py", line 245, in load_autotuners
W1006 17:16:37.229000 112021 .venv-cu130/lib/python3.12/site-packages/torch/_inductor/triton_bundler.py:247] [3/0]     compile_result.reload_cubin_path()
W1006 17:16:37.229000 112021 .venv-cu130/lib/python3.12/site-packages/torch/_inductor/triton_bundler.py:247] [3/0]   File "/workspace/repo/.venv-cu130/lib/python3.12/site-packages/torch/_inductor/runtime/triton_heuristics.py", line 3037, in reload_cubin_path
W1006 17:16:37.229000 112021 .venv-cu130/lib/python3.12/site-packages/torch/_inductor/triton_bundler.py:247] [3/0]     raise RuntimeError(
W1006 17:16:37.229000 112021 .venv-cu130/lib/python3.12/site-packages/torch/_inductor/triton_bundler.py:247] [3/0] RuntimeError: ('Cubin file saved by TritonBundler not found at %s', '/workspace/repo/.inductor_cache_cu130/triton/1/EMFNFQ2NB763SR2I43THKTW5BYB6UKQGCJAH7FSJ436MMI562XLQ/triton_poi_fused_clone_slice_23.cubin')
W1006 17:16:37.229000 112021 .venv-cu130/lib/python3.12/site-packages/torch/_inductor/triton_bundler.py:247] [3/0] Failed to reload cubin file statically launchable autotuner triton_per_fused__to_copy_convolution_linalg_vector_norm_24
W1006 17:16:37.229000 112021 .venv-cu130/lib/python3.12/site-packages/torch/_inductor/triton_bundler.py:247] [3/0] Traceback (most recent call last):
W1006 17:16:37.229000 112021 .venv-cu130/lib/python3.12/site-packages/torch/_inductor/triton_bundler.py:247] [3/0]   File "/workspace/repo/.venv-cu130/lib/python3.12/site-packages/torch/_inductor/triton_bundler.py", line 245, in load_autotuners
W1006 17:16:37.229000 112021 .venv-cu130/lib/python3.12/site-packages/torch/_inductor/triton_bundler.py:247] [3/0]     compile_result.reload_cubin_path()
W1006 17:16:37.229000 112021 .venv-cu130/lib/python3.12/site-packages/torch/_inductor/triton_bundler.py:247] [3/0]   File "/workspace/repo/.venv-cu130/lib/python3.12/site-packages/torch/_inductor/runtime/triton_heuristics.py", line 3037, in reload_cubin_path
W1006 17:16:37.229000 112021 .venv-cu130/lib/python3.12/site-packages/torch/_inductor/triton_bundler.py:247] [3/0]     raise RuntimeError(
W1006 17:16:37.229000 112021 .venv-cu130/lib/python3.12/site-packages/torch/_inductor/triton_bundler.py:247] [3/0] RuntimeError: ('Cubin file saved by TritonBundler not found at %s', '/workspace/repo/.inductor_cache_cu130/triton/1/DBXGTEFLIFPTXG6EKG7EMOFF2I7NJIDUW6VL2CMIU6R2DITW6DYA/triton_per_fused__to_copy_convolution_linalg_vector_norm_24.cubin')
W1006 17:16:37.229000 112021 .venv-cu130/lib/python3.12/site-packages/torch/_inductor/triton_bundler.py:247] [3/0] Failed to reload cubin file statically launchable autotuner triton_poi_fused__to_copy_add_clamp_min_constant_pad_nd_convolution_div_expand_linalg_vector_norm_mul_silu_25
W1006 17:16:37.229000 112021 .venv-cu130/lib/python3.12/site-packages/torch/_inductor/triton_bundler.py:247] [3/0] Traceback (most recent call last):
W1006 17:16:37.229000 112021 .venv-cu130/lib/python3.12/site-packages/torch/_inductor/triton_bundler.py:247] [3/0]   File "/workspace/repo/.venv-cu130/lib/python3.12/site-packages/torch/_inductor/triton_bundler.py", line 245, in load_autotuners
W1006 17:16:37.229000 112021 .venv-cu130/lib/python3.12/site-packages/torch/_inductor/triton_bundler.py:247] [3/0]     compile_result.reload_cubin_path()
W1006 17:16:37.229000 112021 .venv-cu130/lib/python3.12/site-packages/torch/_inductor/triton_bundler.py:247] [3/0]   File "/workspace/repo/.venv-cu130/lib/python3.12/site-packages/torch/_inductor/runtime/triton_heuristics.py", line 3037, in reload_cubin_path
W1006 17:16:37.229000 112021 .venv-cu130/lib/python3.12/site-packages/torch/_inductor/triton_bundler.py:247] [3/0]     raise RuntimeError(
W1006 17:16:37.229000 112021 .venv-cu130/lib/python3.12/site-packages/torch/_inductor/triton_bundler.py:247] [3/0] RuntimeError: ('Cubin file saved by TritonBundler not found at %s', '/workspace/repo/.inductor_cache_cu130/triton/1/O7Q4MRYHQIKB54IMJSFBGGKWO36ZYI3MODZ2Q5MFCXJ5QBJYIB6Q/triton_poi_fused__to_copy_add_clamp_min_constant_pad_nd_convolution_div_expand_linalg_vector_norm_mul_silu_25.cubin')
W1006 17:16:37.230000 112021 .venv-cu130/lib/python3.12/site-packages/torch/_inductor/triton_bundler.py:247] [3/0] Failed to reload cubin file statically launchable autotuner triton_poi_fused_clone_slice_26
W1006 17:16:37.230000 112021 .venv-cu130/lib/python3.12/site-packages/torch/_inductor/triton_bundler.py:247] [3/0] Traceback (most recent call last):
W1006 17:16:37.230000 112021 .venv-cu130/lib/python3.12/site-packages/torch/_inductor/triton_bundler.py:247] [3/0]   File "/workspace/repo/.venv-cu130/lib/python3.12/site-packages/torch/_inductor/triton_bundler.py", line 245, in load_autotuners
W1006 17:16:37.230000 112021 .venv-cu130/lib/python3.12/site-packages/torch/_inductor/triton_bundler.py:247] [3/0]     compile_result.reload_cubin_path()
W1006 17:16:37.230000 112021 .venv-cu130/lib/python3.12/site-packages/torch/_inductor/triton_bundler.py:247] [3/0]   File "/workspace/repo/.venv-cu130/lib/python3.12/site-packages/torch/_inductor/runtime/triton_heuristics.py", line 3037, in reload_cubin_path
W1006 17:16:37.230000 112021 .venv-cu130/lib/python3.12/site-packages/torch/_inductor/triton_bundler.py:247] [3/0]     raise RuntimeError(
W1006 17:16:37.230000 112021 .venv-cu130/lib/python3.12/site-packages/torch/_inductor/triton_bundler.py:247] [3/0] RuntimeError: ('Cubin file saved by TritonBundler not found at %s', '/workspace/repo/.inductor_cache_cu130/triton/1/QZ3SYSPZPQ2EUJJ7CZDZ4Y4GKAXKI3HGYZA6NNC6EFSKSZYHB6OA/triton_poi_fused_clone_slice_26.cubin')
W1006 17:16:37.230000 112021 .venv-cu130/lib/python3.12/site-packages/torch/_inductor/triton_bundler.py:247] [3/0] Failed to reload cubin file statically launchable autotuner triton_red_fused__to_copy__unsafe_view_add_clamp_min_clone_convolution_div_expand_linalg_vector_norm_mul_permute_pixel_shuffle_stack_view_27
W1006 17:16:37.230000 112021 .venv-cu130/lib/python3.12/site-packages/torch/_inductor/triton_bundler.py:247] [3/0] Traceback (most recent call last):
W1006 17:16:37.230000 112021 .venv-cu130/lib/python3.12/site-packages/torch/_inductor/triton_bundler.py:247] [3/0]   File "/workspace/repo/.venv-cu130/lib/python3.12/site-packages/torch/_inductor/triton_bundler.py", line 245, in load_autotuners
W1006 17:16:37.230000 112021 .venv-cu130/lib/python3.12/site-packages/torch/_inductor/triton_bundler.py:247] [3/0]     compile_result.reload_cubin_path()
W1006 17:16:37.230000 112021 .venv-cu130/lib/python3.12/site-packages/torch/_inductor/triton_bundler.py:247] [3/0]   File "/workspace/repo/.venv-cu130/lib/python3.12/site-packages/torch/_inductor/runtime/triton_heuristics.py", line 3037, in reload_cubin_path
W1006 17:16:37.230000 112021 .venv-cu130/lib/python3.12/site-packages/torch/_inductor/triton_bundler.py:247] [3/0]     raise RuntimeError(
W1006 17:16:37.230000 112021 .venv-cu130/lib/python3.12/site-packages/torch/_inductor/triton_bundler.py:247] [3/0] RuntimeError: ('Cubin file saved by TritonBundler not found at %s', '/workspace/repo/.inductor_cache_cu130/triton/1/2IPHPHAVZPNWAZ35UF6DYQ34V3IRLCV2BS4QVTTBKYHQ5CDMNOOQ/triton_red_fused__to_copy__unsafe_view_add_clamp_min_clone_convolution_div_expand_linalg_vector_norm_mul_permute_pixel_shuffle_stack_view_27.cubin')
W1006 17:16:37.230000 112021 .venv-cu130/lib/python3.12/site-packages/torch/_inductor/triton_bundler.py:247] [3/0] Failed to reload cubin file statically launchable autotuner triton_poi_fused__to_copy_constant_pad_nd_silu_28
W1006 17:16:37.230000 112021 .venv-cu130/lib/python3.12/site-packages/torch/_inductor/triton_bundler.py:247] [3/0] Traceback (most recent call last):
W1006 17:16:37.230000 112021 .venv-cu130/lib/python3.12/site-packages/torch/_inductor/triton_bundler.py:247] [3/0]   File "/workspace/repo/.venv-cu130/lib/python3.12/site-packages/torch/_inductor/triton_bundler.py", line 245, in load_autotuners
W1006 17:16:37.230000 112021 .venv-cu130/lib/python3.12/site-packages/torch/_inductor/triton_bundler.py:247] [3/0]     compile_result.reload_cubin_path()
W1006 17:16:37.230000 112021 .venv-cu130/lib/python3.12/site-packages/torch/_inductor/triton_bundler.py:247] [3/0]   File "/workspace/repo/.venv-cu130/lib/python3.12/site-packages/torch/_inductor/runtime/triton_heuristics.py", line 3037, in reload_cubin_path
W1006 17:16:37.230000 112021 .venv-cu130/lib/python3.12/site-packages/torch/_inductor/triton_bundler.py:247] [3/0]     raise RuntimeError(
W1006 17:16:37.230000 112021 .venv-cu130/lib/python3.12/site-packages/torch/_inductor/triton_bundler.py:247] [3/0] RuntimeError: ('Cubin file saved by TritonBundler not found at %s', '/workspace/repo/.inductor_cache_cu130/triton/1/MOOBCCB45EIPSRCRJYXHW5GD7OIP3EI55JWQ3AOAVTRFWM3XOOIA/triton_poi_fused__to_copy_constant_pad_nd_silu_28.cubin')
W1006 17:16:37.231000 112021 .venv-cu130/lib/python3.12/site-packages/torch/_inductor/triton_bundler.py:247] [3/0] Failed to reload cubin file statically launchable autotuner triton_red_fused__to_copy__unsafe_view_add_clone_convolution_linalg_vector_norm_permute_pixel_shuffle_stack_view_29
W1006 17:16:37.231000 112021 .venv-cu130/lib/python3.12/site-packages/torch/_inductor/triton_bundler.py:247] [3/0] Traceback (most recent call last):
W1006 17:16:37.231000 112021 .venv-cu130/lib/python3.12/site-packages/torch/_inductor/triton_bundler.py:247] [3/0]   File "/workspace/repo/.venv-cu130/lib/python3.12/site-packages/torch/_inductor/triton_bundler.py", line 245, in load_autotuners
W1006 17:16:37.231000 112021 .venv-cu130/lib/python3.12/site-packages/torch/_inductor/triton_bundler.py:247] [3/0]     compile_result.reload_cubin_path()
W1006 17:16:37.231000 112021 .venv-cu130/lib/python3.12/site-packages/torch/_inductor/triton_bundler.py:247] [3/0]   File "/workspace/repo/.venv-cu130/lib/python3.12/site-packages/torch/_inductor/runtime/triton_heuristics.py", line 3037, in reload_cubin_path
W1006 17:16:37.231000 112021 .venv-cu130/lib/python3.12/site-packages/torch/_inductor/triton_bundler.py:247] [3/0]     raise RuntimeError(
W1006 17:16:37.231000 112021 .venv-cu130/lib/python3.12/site-packages/torch/_inductor/triton_bundler.py:247] [3/0] RuntimeError: ('Cubin file saved by TritonBundler not found at %s', '/workspace/repo/.inductor_cache_cu130/triton/1/CZDPSUVGATIDAR2ERRBKMCZTFZ2TOMBRM5MPSW4QWOFIKQICWFZQ/triton_red_fused__to_copy__unsafe_view_add_clone_convolution_linalg_vector_norm_permute_pixel_shuffle_stack_view_29.cubin')
W1006 17:16:37.231000 112021 .venv-cu130/lib/python3.12/site-packages/torch/_inductor/triton_bundler.py:247] [3/0] Failed to reload cubin file statically launchable autotuner triton_poi_fused_clone_new_zeros_30
W1006 17:16:37.231000 112021 .venv-cu130/lib/python3.12/site-packages/torch/_inductor/triton_bundler.py:247] [3/0] Traceback (most recent call last):
W1006 17:16:37.231000 112021 .venv-cu130/lib/python3.12/site-packages/torch/_inductor/triton_bundler.py:247] [3/0]   File "/workspace/repo/.venv-cu130/lib/python3.12/site-packages/torch/_inductor/triton_bundler.py", line 245, in load_autotuners
W1006 17:16:37.231000 112021 .venv-cu130/lib/python3.12/site-packages/torch/_inductor/triton_bundler.py:247] [3/0]     compile_result.reload_cubin_path()
W1006 17:16:37.231000 112021 .venv-cu130/lib/python3.12/site-packages/torch/_inductor/triton_bundler.py:247] [3/0]   File "/workspace/repo/.venv-cu130/lib/python3.12/site-packages/torch/_inductor/runtime/triton_heuristics.py", line 3037, in reload_cubin_path
W1006 17:16:37.231000 112021 .venv-cu130/lib/python3.12/site-packages/torch/_inductor/triton_bundler.py:247] [3/0]     raise RuntimeError(
W1006 17:16:37.231000 112021 .venv-cu130/lib/python3.12/site-packages/torch/_inductor/triton_bundler.py:247] [3/0] RuntimeError: ('Cubin file saved by TritonBundler not found at %s', '/workspace/repo/.inductor_cache_cu130/triton/1/GNZBD2ZV4KINCA2SHOH5HWY642FBEBPEQ265YMWKSLU7BMBC7EIA/triton_poi_fused_clone_new_zeros_30.cubin')
W1006 17:16:37.231000 112021 .venv-cu130/lib/python3.12/site-packages/torch/_inductor/triton_bundler.py:247] [3/0] Failed to reload cubin file statically launchable autotuner triton_poi_fused__to_copy_add_clamp_min_constant_pad_nd_div_expand_linalg_vector_norm_mul_silu_31
W1006 17:16:37.231000 112021 .venv-cu130/lib/python3.12/site-packages/torch/_inductor/triton_bundler.py:247] [3/0] Traceback (most recent call last):
W1006 17:16:37.231000 112021 .venv-cu130/lib/python3.12/site-packages/torch/_inductor/triton_bundler.py:247] [3/0]   File "/workspace/repo/.venv-cu130/lib/python3.12/site-packages/torch/_inductor/triton_bundler.py", line 245, in load_autotuners
W1006 17:16:37.231000 112021 .venv-cu130/lib/python3.12/site-packages/torch/_inductor/triton_bundler.py:247] [3/0]     compile_result.reload_cubin_path()
W1006 17:16:37.231000 112021 .venv-cu130/lib/python3.12/site-packages/torch/_inductor/triton_bundler.py:247] [3/0]   File "/workspace/repo/.venv-cu130/lib/python3.12/site-packages/torch/_inductor/runtime/triton_heuristics.py", line 3037, in reload_cubin_path
W1006 17:16:37.231000 112021 .venv-cu130/lib/python3.12/site-packages/torch/_inductor/triton_bundler.py:247] [3/0]     raise RuntimeError(
W1006 17:16:37.231000 112021 .venv-cu130/lib/python3.12/site-packages/torch/_inductor/triton_bundler.py:247] [3/0] RuntimeError: ('Cubin file saved by TritonBundler not found at %s', '/workspace/repo/.inductor_cache_cu130/triton/1/WKAGH5W37GOHQDCWFDDR5ILU4VFEUEDU2NAUL4YCTVI5KJWURKDQ/triton_poi_fused__to_copy_add_clamp_min_constant_pad_nd_div_expand_linalg_vector_norm_mul_silu_31.cubin')
W1006 17:16:37.231000 112021 .venv-cu130/lib/python3.12/site-packages/torch/_inductor/triton_bundler.py:247] [3/0] Failed to reload cubin file statically launchable autotuner triton_poi_fused_add_convolution_32
W1006 17:16:37.231000 112021 .venv-cu130/lib/python3.12/site-packages/torch/_inductor/triton_bundler.py:247] [3/0] Traceback (most recent call last):
W1006 17:16:37.231000 112021 .venv-cu130/lib/python3.12/site-packages/torch/_inductor/triton_bundler.py:247] [3/0]   File "/workspace/repo/.venv-cu130/lib/python3.12/site-packages/torch/_inductor/triton_bundler.py", line 245, in load_autotuners
W1006 17:16:37.231000 112021 .venv-cu130/lib/python3.12/site-packages/torch/_inductor/triton_bundler.py:247] [3/0]     compile_result.reload_cubin_path()
W1006 17:16:37.231000 112021 .venv-cu130/lib/python3.12/site-packages/torch/_inductor/triton_bundler.py:247] [3/0]   File "/workspace/repo/.venv-cu130/lib/python3.12/site-packages/torch/_inductor/runtime/triton_heuristics.py", line 3037, in reload_cubin_path
W1006 17:16:37.231000 112021 .venv-cu130/lib/python3.12/site-packages/torch/_inductor/triton_bundler.py:247] [3/0]     raise RuntimeError(
W1006 17:16:37.231000 112021 .venv-cu130/lib/python3.12/site-packages/torch/_inductor/triton_bundler.py:247] [3/0] RuntimeError: ('Cubin file saved by TritonBundler not found at %s', '/workspace/repo/.inductor_cache_cu130/triton/1/GQGIQ74JI4JMPXSM4POIKZRWXS2AWD5NHB462LQ7DKXLDMN7Z67A/triton_poi_fused_add_convolution_32.cubin')
W1006 17:16:37.232000 112021 .venv-cu130/lib/python3.12/site-packages/torch/_inductor/triton_bundler.py:247] [3/0] Failed to reload cubin file statically launchable autotuner triton_poi_fused_add_convolution_permute_select_slice_stack_view_33
W1006 17:16:37.232000 112021 .venv-cu130/lib/python3.12/site-packages/torch/_inductor/triton_bundler.py:247] [3/0] Traceback (most recent call last):
W1006 17:16:37.232000 112021 .venv-cu130/lib/python3.12/site-packages/torch/_inductor/triton_bundler.py:247] [3/0]   File "/workspace/repo/.venv-cu130/lib/python3.12/site-packages/torch/_inductor/triton_bundler.py", line 245, in load_autotuners
W1006 17:16:37.232000 112021 .venv-cu130/lib/python3.12/site-packages/torch/_inductor/triton_bundler.py:247] [3/0]     compile_result.reload_cubin_path()
W1006 17:16:37.232000 112021 .venv-cu130/lib/python3.12/site-packages/torch/_inductor/triton_bundler.py:247] [3/0]   File "/workspace/repo/.venv-cu130/lib/python3.12/site-packages/torch/_inductor/runtime/triton_heuristics.py", line 3037, in reload_cubin_path
W1006 17:16:37.232000 112021 .venv-cu130/lib/python3.12/site-packages/torch/_inductor/triton_bundler.py:247] [3/0]     raise RuntimeError(
W1006 17:16:37.232000 112021 .venv-cu130/lib/python3.12/site-packages/torch/_inductor/triton_bundler.py:247] [3/0] RuntimeError: ('Cubin file saved by TritonBundler not found at %s', '/workspace/repo/.inductor_cache_cu130/triton/1/DL4MQ7FS5OF65R44YZT3RAOIXHQV3U5253QNMC6T4WOKHX5WVR6A/triton_poi_fused_add_convolution_permute_select_slice_stack_view_33.cubin')
W1006 17:16:37.232000 112021 .venv-cu130/lib/python3.12/site-packages/torch/_inductor/triton_bundler.py:247] [3/0] Failed to reload cubin file statically launchable autotuner triton_per_fused__to_copy__unsafe_view_clone_linalg_vector_norm_permute_pixel_shuffle_stack_view_34
W1006 17:16:37.232000 112021 .venv-cu130/lib/python3.12/site-packages/torch/_inductor/triton_bundler.py:247] [3/0] Traceback (most recent call last):
W1006 17:16:37.232000 112021 .venv-cu130/lib/python3.12/site-packages/torch/_inductor/triton_bundler.py:247] [3/0]   File "/workspace/repo/.venv-cu130/lib/python3.12/site-packages/torch/_inductor/triton_bundler.py", line 245, in load_autotuners
W1006 17:16:37.232000 112021 .venv-cu130/lib/python3.12/site-packages/torch/_inductor/triton_bundler.py:247] [3/0]     compile_result.reload_cubin_path()
W1006 17:16:37.232000 112021 .venv-cu130/lib/python3.12/site-packages/torch/_inductor/triton_bundler.py:247] [3/0]   File "/workspace/repo/.venv-cu130/lib/python3.12/site-packages/torch/_inductor/runtime/triton_heuristics.py", line 3037, in reload_cubin_path
W1006 17:16:37.232000 112021 .venv-cu130/lib/python3.12/site-packages/torch/_inductor/triton_bundler.py:247] [3/0]     raise RuntimeError(
W1006 17:16:37.232000 112021 .venv-cu130/lib/python3.12/site-packages/torch/_inductor/triton_bundler.py:247] [3/0] RuntimeError: ('Cubin file saved by TritonBundler not found at %s', '/workspace/repo/.inductor_cache_cu130/triton/1/LI5E65SBNXXIZXX7RQFDHZSDYSEMVYFQWNZUCXN44VHE2KX2O3RQ/triton_per_fused__to_copy__unsafe_view_clone_linalg_vector_norm_permute_pixel_shuffle_stack_view_34.cubin')
W1006 17:16:37.232000 112021 .venv-cu130/lib/python3.12/site-packages/torch/_inductor/triton_bundler.py:247] [3/0] Failed to reload cubin file statically launchable autotuner triton_poi_fused__to_copy__unsafe_view_add_clamp_min_clone_constant_pad_nd_div_expand_linalg_vector_norm_mul_permute_pixel_shuffle_silu_stack_view_35
W1006 17:16:37.232000 112021 .venv-cu130/lib/python3.12/site-packages/torch/_inductor/triton_bundler.py:247] [3/0] Traceback (most recent call last):
W1006 17:16:37.232000 112021 .venv-cu130/lib/python3.12/site-packages/torch/_inductor/triton_bundler.py:247] [3/0]   File "/workspace/repo/.venv-cu130/lib/python3.12/site-packages/torch/_inductor/triton_bundler.py", line 245, in load_autotuners
W1006 17:16:37.232000 112021 .venv-cu130/lib/python3.12/site-packages/torch/_inductor/triton_bundler.py:247] [3/0]     compile_result.reload_cubin_path()
W1006 17:16:37.232000 112021 .venv-cu130/lib/python3.12/site-packages/torch/_inductor/triton_bundler.py:247] [3/0]   File "/workspace/repo/.venv-cu130/lib/python3.12/site-packages/torch/_inductor/runtime/triton_heuristics.py", line 3037, in reload_cubin_path
W1006 17:16:37.232000 112021 .venv-cu130/lib/python3.12/site-packages/torch/_inductor/triton_bundler.py:247] [3/0]     raise RuntimeError(
W1006 17:16:37.232000 112021 .venv-cu130/lib/python3.12/site-packages/torch/_inductor/triton_bundler.py:247] [3/0] RuntimeError: ('Cubin file saved by TritonBundler not found at %s', '/workspace/repo/.inductor_cache_cu130/triton/1/GXT6B3F57N3CNQZQQVTJMXOCJPRWGVUW5DREONN3HWOHNYGDPBZQ/triton_poi_fused__to_copy__unsafe_view_add_clamp_min_clone_constant_pad_nd_div_expand_linalg_vector_norm_mul_permute_pixel_shuffle_silu_stack_view_35.cubin')
W1006 17:16:37.233000 112021 .venv-cu130/lib/python3.12/site-packages/torch/_inductor/triton_bundler.py:247] [3/0] Failed to reload cubin file statically launchable autotuner triton_tem_fused_convolution_36
W1006 17:16:37.233000 112021 .venv-cu130/lib/python3.12/site-packages/torch/_inductor/triton_bundler.py:247] [3/0] Traceback (most recent call last):
W1006 17:16:37.233000 112021 .venv-cu130/lib/python3.12/site-packages/torch/_inductor/triton_bundler.py:247] [3/0]   File "/workspace/repo/.venv-cu130/lib/python3.12/site-packages/torch/_inductor/triton_bundler.py", line 245, in load_autotuners
W1006 17:16:37.233000 112021 .venv-cu130/lib/python3.12/site-packages/torch/_inductor/triton_bundler.py:247] [3/0]     compile_result.reload_cubin_path()
W1006 17:16:37.233000 112021 .venv-cu130/lib/python3.12/site-packages/torch/_inductor/triton_bundler.py:247] [3/0]   File "/workspace/repo/.venv-cu130/lib/python3.12/site-packages/torch/_inductor/runtime/triton_heuristics.py", line 3037, in reload_cubin_path
W1006 17:16:37.233000 112021 .venv-cu130/lib/python3.12/site-packages/torch/_inductor/triton_bundler.py:247] [3/0]     raise RuntimeError(
W1006 17:16:37.233000 112021 .venv-cu130/lib/python3.12/site-packages/torch/_inductor/triton_bundler.py:247] [3/0] RuntimeError: ('Cubin file saved by TritonBundler not found at %s', '/workspace/repo/.inductor_cache_cu130/triton/1/EOLUKI6CCMTENWVS25UPFC3RL22H4JBDRI2RWBIHMOIEKFRK7X2A/triton_tem_fused_convolution_36.cubin')
W1006 17:16:37.233000 112021 .venv-cu130/lib/python3.12/site-packages/torch/_inductor/triton_bundler.py:247] [3/0] Failed to reload cubin file statically launchable autotuner triton_poi_fused_clone_slice_37
W1006 17:16:37.233000 112021 .venv-cu130/lib/python3.12/site-packages/torch/_inductor/triton_bundler.py:247] [3/0] Traceback (most recent call last):
W1006 17:16:37.233000 112021 .venv-cu130/lib/python3.12/site-packages/torch/_inductor/triton_bundler.py:247] [3/0]   File "/workspace/repo/.venv-cu130/lib/python3.12/site-packages/torch/_inductor/triton_bundler.py", line 245, in load_autotuners
W1006 17:16:37.233000 112021 .venv-cu130/lib/python3.12/site-packages/torch/_inductor/triton_bundler.py:247] [3/0]     compile_result.reload_cubin_path()
W1006 17:16:37.233000 112021 .venv-cu130/lib/python3.12/site-packages/torch/_inductor/triton_bundler.py:247] [3/0]   File "/workspace/repo/.venv-cu130/lib/python3.12/site-packages/torch/_inductor/runtime/triton_heuristics.py", line 3037, in reload_cubin_path
W1006 17:16:37.233000 112021 .venv-cu130/lib/python3.12/site-packages/torch/_inductor/triton_bundler.py:247] [3/0]     raise RuntimeError(
W1006 17:16:37.233000 112021 .venv-cu130/lib/python3.12/site-packages/torch/_inductor/triton_bundler.py:247] [3/0] RuntimeError: ('Cubin file saved by TritonBundler not found at %s', '/workspace/repo/.inductor_cache_cu130/triton/1/SRZ7EMIUBG4VZBIWOENOTJCEQW5VTGTLRH7AKJKLMLDVHQIOFD4Q/triton_poi_fused_clone_slice_37.cubin')
W1006 17:16:37.233000 112021 .venv-cu130/lib/python3.12/site-packages/torch/_inductor/triton_bundler.py:247] [3/0] Failed to reload cubin file statically launchable autotuner triton_per_fused__to_copy_convolution_linalg_vector_norm_38
W1006 17:16:37.233000 112021 .venv-cu130/lib/python3.12/site-packages/torch/_inductor/triton_bundler.py:247] [3/0] Traceback (most recent call last):
W1006 17:16:37.233000 112021 .venv-cu130/lib/python3.12/site-packages/torch/_inductor/triton_bundler.py:247] [3/0]   File "/workspace/repo/.venv-cu130/lib/python3.12/site-packages/torch/_inductor/triton_bundler.py", line 245, in load_autotuners
W1006 17:16:37.233000 112021 .venv-cu130/lib/python3.12/site-packages/torch/_inductor/triton_bundler.py:247] [3/0]     compile_result.reload_cubin_path()
W1006 17:16:37.233000 112021 .venv-cu130/lib/python3.12/site-packages/torch/_inductor/triton_bundler.py:247] [3/0]   File "/workspace/repo/.venv-cu130/lib/python3.12/site-packages/torch/_inductor/runtime/triton_heuristics.py", line 3037, in reload_cubin_path
W1006 17:16:37.233000 112021 .venv-cu130/lib/python3.12/site-packages/torch/_inductor/triton_bundler.py:247] [3/0]     raise RuntimeError(
W1006 17:16:37.233000 112021 .venv-cu130/lib/python3.12/site-packages/torch/_inductor/triton_bundler.py:247] [3/0] RuntimeError: ('Cubin file saved by TritonBundler not found at %s', '/workspace/repo/.inductor_cache_cu130/triton/1/M2G5MDPAM7TEDKUXSG2GKH664DP52PMZQYMS2ZGKZFEJHQ7UKJLA/triton_per_fused__to_copy_convolution_linalg_vector_norm_38.cubin')
W1006 17:16:37.234000 112021 .venv-cu130/lib/python3.12/site-packages/torch/_inductor/triton_bundler.py:247] [3/0] Failed to reload cubin file statically launchable autotuner triton_poi_fused__to_copy_add_clamp_min_constant_pad_nd_convolution_div_expand_linalg_vector_norm_mul_silu_39
W1006 17:16:37.234000 112021 .venv-cu130/lib/python3.12/site-packages/torch/_inductor/triton_bundler.py:247] [3/0] Traceback (most recent call last):
W1006 17:16:37.234000 112021 .venv-cu130/lib/python3.12/site-packages/torch/_inductor/triton_bundler.py:247] [3/0]   File "/workspace/repo/.venv-cu130/lib/python3.12/site-packages/torch/_inductor/triton_bundler.py", line 245, in load_autotuners
W1006 17:16:37.234000 112021 .venv-cu130/lib/python3.12/site-packages/torch/_inductor/triton_bundler.py:247] [3/0]     compile_result.reload_cubin_path()
W1006 17:16:37.234000 112021 .venv-cu130/lib/python3.12/site-packages/torch/_inductor/triton_bundler.py:247] [3/0]   File "/workspace/repo/.venv-cu130/lib/python3.12/site-packages/torch/_inductor/runtime/triton_heuristics.py", line 3037, in reload_cubin_path
W1006 17:16:37.234000 112021 .venv-cu130/lib/python3.12/site-packages/torch/_inductor/triton_bundler.py:247] [3/0]     raise RuntimeError(
W1006 17:16:37.234000 112021 .venv-cu130/lib/python3.12/site-packages/torch/_inductor/triton_bundler.py:247] [3/0] RuntimeError: ('Cubin file saved by TritonBundler not found at %s', '/workspace/repo/.inductor_cache_cu130/triton/1/V5NUNS2F342BBZV3UXUCBF2KKROSQQCV32T5A5HTFMSTX6EJWYQQ/triton_poi_fused__to_copy_add_clamp_min_constant_pad_nd_convolution_div_expand_linalg_vector_norm_mul_silu_39.cubin')
W1006 17:16:37.234000 112021 .venv-cu130/lib/python3.12/site-packages/torch/_inductor/triton_bundler.py:247] [3/0] Failed to reload cubin file statically launchable autotuner triton_per_fused__to_copy__unsafe_view_add_clamp_min_clone_convolution_div_expand_linalg_vector_norm_mul_permute_pixel_shuffle_stack_view_40
W1006 17:16:37.234000 112021 .venv-cu130/lib/python3.12/site-packages/torch/_inductor/triton_bundler.py:247] [3/0] Traceback (most recent call last):
W1006 17:16:37.234000 112021 .venv-cu130/lib/python3.12/site-packages/torch/_inductor/triton_bundler.py:247] [3/0]   File "/workspace/repo/.venv-cu130/lib/python3.12/site-packages/torch/_inductor/triton_bundler.py", line 245, in load_autotuners
W1006 17:16:37.234000 112021 .venv-cu130/lib/python3.12/site-packages/torch/_inductor/triton_bundler.py:247] [3/0]     compile_result.reload_cubin_path()
W1006 17:16:37.234000 112021 .venv-cu130/lib/python3.12/site-packages/torch/_inductor/triton_bundler.py:247] [3/0]   File "/workspace/repo/.venv-cu130/lib/python3.12/site-packages/torch/_inductor/runtime/triton_heuristics.py", line 3037, in reload_cubin_path
W1006 17:16:37.234000 112021 .venv-cu130/lib/python3.12/site-packages/torch/_inductor/triton_bundler.py:247] [3/0]     raise RuntimeError(
W1006 17:16:37.234000 112021 .venv-cu130/lib/python3.12/site-packages/torch/_inductor/triton_bundler.py:247] [3/0] RuntimeError: ('Cubin file saved by TritonBundler not found at %s', '/workspace/repo/.inductor_cache_cu130/triton/1/5QL2ILKQB3BXVVME4YXNF4QLYKDIYX52EPRTOINWY2JVPUVSMUBQ/triton_per_fused__to_copy__unsafe_view_add_clamp_min_clone_convolution_div_expand_linalg_vector_norm_mul_permute_pixel_shuffle_stack_view_40.cubin')
W1006 17:16:37.234000 112021 .venv-cu130/lib/python3.12/site-packages/torch/_inductor/triton_bundler.py:247] [3/0] Failed to reload cubin file statically launchable autotuner triton_poi_fused__to_copy_constant_pad_nd_silu_41
W1006 17:16:37.234000 112021 .venv-cu130/lib/python3.12/site-packages/torch/_inductor/triton_bundler.py:247] [3/0] Traceback (most recent call last):
W1006 17:16:37.234000 112021 .venv-cu130/lib/python3.12/site-packages/torch/_inductor/triton_bundler.py:247] [3/0]   File "/workspace/repo/.venv-cu130/lib/python3.12/site-packages/torch/_inductor/triton_bundler.py", line 245, in load_autotuners
W1006 17:16:37.234000 112021 .venv-cu130/lib/python3.12/site-packages/torch/_inductor/triton_bundler.py:247] [3/0]     compile_result.reload_cubin_path()
W1006 17:16:37.234000 112021 .venv-cu130/lib/python3.12/site-packages/torch/_inductor/triton_bundler.py:247] [3/0]   File "/workspace/repo/.venv-cu130/lib/python3.12/site-packages/torch/_inductor/runtime/triton_heuristics.py", line 3037, in reload_cubin_path
W1006 17:16:37.234000 112021 .venv-cu130/lib/python3.12/site-packages/torch/_inductor/triton_bundler.py:247] [3/0]     raise RuntimeError(
W1006 17:16:37.234000 112021 .venv-cu130/lib/python3.12/site-packages/torch/_inductor/triton_bundler.py:247] [3/0] RuntimeError: ('Cubin file saved by TritonBundler not found at %s', '/workspace/repo/.inductor_cache_cu130/triton/1/TBZGISZ7T45TWC3JGTWFPPT6KBYYR2QJPHP6PLP2HPDKG7IXSEUA/triton_poi_fused__to_copy_constant_pad_nd_silu_41.cubin')
W1006 17:16:37.234000 112021 .venv-cu130/lib/python3.12/site-packages/torch/_inductor/triton_bundler.py:247] [3/0] Failed to reload cubin file statically launchable autotuner triton_per_fused__to_copy__unsafe_view_add_clone_convolution_linalg_vector_norm_permute_pixel_shuffle_stack_view_42
W1006 17:16:37.234000 112021 .venv-cu130/lib/python3.12/site-packages/torch/_inductor/triton_bundler.py:247] [3/0] Traceback (most recent call last):
W1006 17:16:37.234000 112021 .venv-cu130/lib/python3.12/site-packages/torch/_inductor/triton_bundler.py:247] [3/0]   File "/workspace/repo/.venv-cu130/lib/python3.12/site-packages/torch/_inductor/triton_bundler.py", line 245, in load_autotuners
W1006 17:16:37.234000 112021 .venv-cu130/lib/python3.12/site-packages/torch/_inductor/triton_bundler.py:247] [3/0]     compile_result.reload_cubin_path()
W1006 17:16:37.234000 112021 .venv-cu130/lib/python3.12/site-packages/torch/_inductor/triton_bundler.py:247] [3/0]   File "/workspace/repo/.venv-cu130/lib/python3.12/site-packages/torch/_inductor/runtime/triton_heuristics.py", line 3037, in reload_cubin_path
W1006 17:16:37.234000 112021 .venv-cu130/lib/python3.12/site-packages/torch/_inductor/triton_bundler.py:247] [3/0]     raise RuntimeError(
W1006 17:16:37.234000 112021 .venv-cu130/lib/python3.12/site-packages/torch/_inductor/triton_bundler.py:247] [3/0] RuntimeError: ('Cubin file saved by TritonBundler not found at %s', '/workspace/repo/.inductor_cache_cu130/triton/1/VUHL2EL3ULROXELZGNYJ72ASYB4O22FE6NE3SDPQ35JPL2C6VBOQ/triton_per_fused__to_copy__unsafe_view_add_clone_convolution_linalg_vector_norm_permute_pixel_shuffle_stack_view_42.cubin')
W1006 17:16:37.235000 112021 .venv-cu130/lib/python3.12/site-packages/torch/_inductor/triton_bundler.py:247] [3/0] Failed to reload cubin file statically launchable autotuner triton_poi_fused__to_copy_add_clamp_min_constant_pad_nd_div_expand_linalg_vector_norm_mul_silu_43
W1006 17:16:37.235000 112021 .venv-cu130/lib/python3.12/site-packages/torch/_inductor/triton_bundler.py:247] [3/0] Traceback (most recent call last):
W1006 17:16:37.235000 112021 .venv-cu130/lib/python3.12/site-packages/torch/_inductor/triton_bundler.py:247] [3/0]   File "/workspace/repo/.venv-cu130/lib/python3.12/site-packages/torch/_inductor/triton_bundler.py", line 245, in load_autotuners
W1006 17:16:37.235000 112021 .venv-cu130/lib/python3.12/site-packages/torch/_inductor/triton_bundler.py:247] [3/0]     compile_result.reload_cubin_path()
W1006 17:16:37.235000 112021 .venv-cu130/lib/python3.12/site-packages/torch/_inductor/triton_bundler.py:247] [3/0]   File "/workspace/repo/.venv-cu130/lib/python3.12/site-packages/torch/_inductor/runtime/triton_heuristics.py", line 3037, in reload_cubin_path
W1006 17:16:37.235000 112021 .venv-cu130/lib/python3.12/site-packages/torch/_inductor/triton_bundler.py:247] [3/0]     raise RuntimeError(
W1006 17:16:37.235000 112021 .venv-cu130/lib/python3.12/site-packages/torch/_inductor/triton_bundler.py:247] [3/0] RuntimeError: ('Cubin file saved by TritonBundler not found at %s', '/workspace/repo/.inductor_cache_cu130/triton/1/JS36BC5YDJB35RTXT2KO5C2ADOIJGYGJLCBZTR3SNWHDFN3CI53Q/triton_poi_fused__to_copy_add_clamp_min_constant_pad_nd_div_expand_linalg_vector_norm_mul_silu_43.cubin')
W1006 17:16:37.235000 112021 .venv-cu130/lib/python3.12/site-packages/torch/_inductor/triton_bundler.py:247] [3/0] Failed to reload cubin file statically launchable autotuner triton_poi_fused_add_convolution_44
W1006 17:16:37.235000 112021 .venv-cu130/lib/python3.12/site-packages/torch/_inductor/triton_bundler.py:247] [3/0] Traceback (most recent call last):
W1006 17:16:37.235000 112021 .venv-cu130/lib/python3.12/site-packages/torch/_inductor/triton_bundler.py:247] [3/0]   File "/workspace/repo/.venv-cu130/lib/python3.12/site-packages/torch/_inductor/triton_bundler.py", line 245, in load_autotuners
W1006 17:16:37.235000 112021 .venv-cu130/lib/python3.12/site-packages/torch/_inductor/triton_bundler.py:247] [3/0]     compile_result.reload_cubin_path()
W1006 17:16:37.235000 112021 .venv-cu130/lib/python3.12/site-packages/torch/_inductor/triton_bundler.py:247] [3/0]   File "/workspace/repo/.venv-cu130/lib/python3.12/site-packages/torch/_inductor/runtime/triton_heuristics.py", line 3037, in reload_cubin_path
W1006 17:16:37.235000 112021 .venv-cu130/lib/python3.12/site-packages/torch/_inductor/triton_bundler.py:247] [3/0]     raise RuntimeError(
W1006 17:16:37.235000 112021 .venv-cu130/lib/python3.12/site-packages/torch/_inductor/triton_bundler.py:247] [3/0] RuntimeError: ('Cubin file saved by TritonBundler not found at %s', '/workspace/repo/.inductor_cache_cu130/triton/1/FHEQHPUE5M4WXBL2PBUAXC7EV6IPGOOOOIOPRULFJSW5GI5I7TTA/triton_poi_fused_add_convolution_44.cubin')
W1006 17:16:37.235000 112021 .venv-cu130/lib/python3.12/site-packages/torch/_inductor/triton_bundler.py:247] [3/0] Failed to reload cubin file statically launchable autotuner triton_poi_fused_add_convolution_permute_select_slice_stack_view_45
W1006 17:16:37.235000 112021 .venv-cu130/lib/python3.12/site-packages/torch/_inductor/triton_bundler.py:247] [3/0] Traceback (most recent call last):
W1006 17:16:37.235000 112021 .venv-cu130/lib/python3.12/site-packages/torch/_inductor/triton_bundler.py:247] [3/0]   File "/workspace/repo/.venv-cu130/lib/python3.12/site-packages/torch/_inductor/triton_bundler.py", line 245, in load_autotuners
W1006 17:16:37.235000 112021 .venv-cu130/lib/python3.12/site-packages/torch/_inductor/triton_bundler.py:247] [3/0]     compile_result.reload_cubin_path()
W1006 17:16:37.235000 112021 .venv-cu130/lib/python3.12/site-packages/torch/_inductor/triton_bundler.py:247] [3/0]   File "/workspace/repo/.venv-cu130/lib/python3.12/site-packages/torch/_inductor/runtime/triton_heuristics.py", line 3037, in reload_cubin_path
W1006 17:16:37.235000 112021 .venv-cu130/lib/python3.12/site-packages/torch/_inductor/triton_bundler.py:247] [3/0]     raise RuntimeError(
W1006 17:16:37.235000 112021 .venv-cu130/lib/python3.12/site-packages/torch/_inductor/triton_bundler.py:247] [3/0] RuntimeError: ('Cubin file saved by TritonBundler not found at %s', '/workspace/repo/.inductor_cache_cu130/triton/1/OPVMJB3WK3V2XDX6TYM2H4VEQFDPGBTUUON7YTZK6E26WUEZYDMA/triton_poi_fused_add_convolution_permute_select_slice_stack_view_45.cubin')
W1006 17:16:37.236000 112021 .venv-cu130/lib/python3.12/site-packages/torch/_inductor/triton_bundler.py:247] [3/0] Failed to reload cubin file statically launchable autotuner triton_per_fused__to_copy__unsafe_view_clone_linalg_vector_norm_permute_pixel_shuffle_stack_view_46
W1006 17:16:37.236000 112021 .venv-cu130/lib/python3.12/site-packages/torch/_inductor/triton_bundler.py:247] [3/0] Traceback (most recent call last):
W1006 17:16:37.236000 112021 .venv-cu130/lib/python3.12/site-packages/torch/_inductor/triton_bundler.py:247] [3/0]   File "/workspace/repo/.venv-cu130/lib/python3.12/site-packages/torch/_inductor/triton_bundler.py", line 245, in load_autotuners
W1006 17:16:37.236000 112021 .venv-cu130/lib/python3.12/site-packages/torch/_inductor/triton_bundler.py:247] [3/0]     compile_result.reload_cubin_path()
W1006 17:16:37.236000 112021 .venv-cu130/lib/python3.12/site-packages/torch/_inductor/triton_bundler.py:247] [3/0]   File "/workspace/repo/.venv-cu130/lib/python3.12/site-packages/torch/_inductor/runtime/triton_heuristics.py", line 3037, in reload_cubin_path
W1006 17:16:37.236000 112021 .venv-cu130/lib/python3.12/site-packages/torch/_inductor/triton_bundler.py:247] [3/0]     raise RuntimeError(
W1006 17:16:37.236000 112021 .venv-cu130/lib/python3.12/site-packages/torch/_inductor/triton_bundler.py:247] [3/0] RuntimeError: ('Cubin file saved by TritonBundler not found at %s', '/workspace/repo/.inductor_cache_cu130/triton/1/BOIR2RDHCP4K4O6PMOT5UFDXELYKPG4VHMM5TSHWEGFDH43MW2MQ/triton_per_fused__to_copy__unsafe_view_clone_linalg_vector_norm_permute_pixel_shuffle_stack_view_46.cubin')
W1006 17:16:37.236000 112021 .venv-cu130/lib/python3.12/site-packages/torch/_inductor/triton_bundler.py:247] [3/0] Failed to reload cubin file statically launchable autotuner triton_poi_fused__to_copy__unsafe_view_add_clamp_min_clone_constant_pad_nd_div_expand_linalg_vector_norm_mul_permute_pixel_shuffle_silu_stack_view_47
W1006 17:16:37.236000 112021 .venv-cu130/lib/python3.12/site-packages/torch/_inductor/triton_bundler.py:247] [3/0] Traceback (most recent call last):
W1006 17:16:37.236000 112021 .venv-cu130/lib/python3.12/site-packages/torch/_inductor/triton_bundler.py:247] [3/0]   File "/workspace/repo/.venv-cu130/lib/python3.12/site-packages/torch/_inductor/triton_bundler.py", line 245, in load_autotuners
W1006 17:16:37.236000 112021 .venv-cu130/lib/python3.12/site-packages/torch/_inductor/triton_bundler.py:247] [3/0]     compile_result.reload_cubin_path()
W1006 17:16:37.236000 112021 .venv-cu130/lib/python3.12/site-packages/torch/_inductor/triton_bundler.py:247] [3/0]   File "/workspace/repo/.venv-cu130/lib/python3.12/site-packages/torch/_inductor/runtime/triton_heuristics.py", line 3037, in reload_cubin_path
W1006 17:16:37.236000 112021 .venv-cu130/lib/python3.12/site-packages/torch/_inductor/triton_bundler.py:247] [3/0]     raise RuntimeError(
W1006 17:16:37.236000 112021 .venv-cu130/lib/python3.12/site-packages/torch/_inductor/triton_bundler.py:247] [3/0] RuntimeError: ('Cubin file saved by TritonBundler not found at %s', '/workspace/repo/.inductor_cache_cu130/triton/1/D2EUR4T5AWZ5K3N3TDJ57SPD3IESWDG4U5RYHAULC6E5KT56JI5Q/triton_poi_fused__to_copy__unsafe_view_add_clamp_min_clone_constant_pad_nd_div_expand_linalg_vector_norm_mul_permute_pixel_shuffle_silu_stack_view_47.cubin')
W1006 17:16:37.236000 112021 .venv-cu130/lib/python3.12/site-packages/torch/_inductor/triton_bundler.py:247] [3/0] Failed to reload cubin file statically launchable autotuner triton_poi_fused_clone_slice_48
W1006 17:16:37.236000 112021 .venv-cu130/lib/python3.12/site-packages/torch/_inductor/triton_bundler.py:247] [3/0] Traceback (most recent call last):
W1006 17:16:37.236000 112021 .venv-cu130/lib/python3.12/site-packages/torch/_inductor/triton_bundler.py:247] [3/0]   File "/workspace/repo/.venv-cu130/lib/python3.12/site-packages/torch/_inductor/triton_bundler.py", line 245, in load_autotuners
W1006 17:16:37.236000 112021 .venv-cu130/lib/python3.12/site-packages/torch/_inductor/triton_bundler.py:247] [3/0]     compile_result.reload_cubin_path()
W1006 17:16:37.236000 112021 .venv-cu130/lib/python3.12/site-packages/torch/_inductor/triton_bundler.py:247] [3/0]   File "/workspace/repo/.venv-cu130/lib/python3.12/site-packages/torch/_inductor/runtime/triton_heuristics.py", line 3037, in reload_cubin_path
W1006 17:16:37.236000 112021 .venv-cu130/lib/python3.12/site-packages/torch/_inductor/triton_bundler.py:247] [3/0]     raise RuntimeError(
W1006 17:16:37.236000 112021 .venv-cu130/lib/python3.12/site-packages/torch/_inductor/triton_bundler.py:247] [3/0] RuntimeError: ('Cubin file saved by TritonBundler not found at %s', '/workspace/repo/.inductor_cache_cu130/triton/1/2NUOLP4J2RNY2XR7LWDTHSKW7JVDDIT5PSMVFUPGIEECBIWJ3CLA/triton_poi_fused_clone_slice_48.cubin')
W1006 17:16:37.237000 112021 .venv-cu130/lib/python3.12/site-packages/torch/_inductor/triton_bundler.py:247] [3/0] Failed to reload cubin file statically launchable autotuner triton_per_fused__to_copy_convolution_linalg_vector_norm_49
W1006 17:16:37.237000 112021 .venv-cu130/lib/python3.12/site-packages/torch/_inductor/triton_bundler.py:247] [3/0] Traceback (most recent call last):
W1006 17:16:37.237000 112021 .venv-cu130/lib/python3.12/site-packages/torch/_inductor/triton_bundler.py:247] [3/0]   File "/workspace/repo/.venv-cu130/lib/python3.12/site-packages/torch/_inductor/triton_bundler.py", line 245, in load_autotuners
W1006 17:16:37.237000 112021 .venv-cu130/lib/python3.12/site-packages/torch/_inductor/triton_bundler.py:247] [3/0]     compile_result.reload_cubin_path()
W1006 17:16:37.237000 112021 .venv-cu130/lib/python3.12/site-packages/torch/_inductor/triton_bundler.py:247] [3/0]   File "/workspace/repo/.venv-cu130/lib/python3.12/site-packages/torch/_inductor/runtime/triton_heuristics.py", line 3037, in reload_cubin_path
W1006 17:16:37.237000 112021 .venv-cu130/lib/python3.12/site-packages/torch/_inductor/triton_bundler.py:247] [3/0]     raise RuntimeError(
W1006 17:16:37.237000 112021 .venv-cu130/lib/python3.12/site-packages/torch/_inductor/triton_bundler.py:247] [3/0] RuntimeError: ('Cubin file saved by TritonBundler not found at %s', '/workspace/repo/.inductor_cache_cu130/triton/1/IS5RDODIGY7SMBSGXPO3MKWLTTWVTPUST5ZULHGHNR3LQFLADUWA/triton_per_fused__to_copy_convolution_linalg_vector_norm_49.cubin')
W1006 17:16:37.237000 112021 .venv-cu130/lib/python3.12/site-packages/torch/_inductor/triton_bundler.py:247] [3/0] Failed to reload cubin file statically launchable autotuner triton_poi_fused__to_copy_add_clamp_min_constant_pad_nd_convolution_div_expand_linalg_vector_norm_mul_silu_50
W1006 17:16:37.237000 112021 .venv-cu130/lib/python3.12/site-packages/torch/_inductor/triton_bundler.py:247] [3/0] Traceback (most recent call last):
W1006 17:16:37.237000 112021 .venv-cu130/lib/python3.12/site-packages/torch/_inductor/triton_bundler.py:247] [3/0]   File "/workspace/repo/.venv-cu130/lib/python3.12/site-packages/torch/_inductor/triton_bundler.py", line 245, in load_autotuners
W1006 17:16:37.237000 112021 .venv-cu130/lib/python3.12/site-packages/torch/_inductor/triton_bundler.py:247] [3/0]     compile_result.reload_cubin_path()
W1006 17:16:37.237000 112021 .venv-cu130/lib/python3.12/site-packages/torch/_inductor/triton_bundler.py:247] [3/0]   File "/workspace/repo/.venv-cu130/lib/python3.12/site-packages/torch/_inductor/runtime/triton_heuristics.py", line 3037, in reload_cubin_path
W1006 17:16:37.237000 112021 .venv-cu130/lib/python3.12/site-packages/torch/_inductor/triton_bundler.py:247] [3/0]     raise RuntimeError(
W1006 17:16:37.237000 112021 .venv-cu130/lib/python3.12/site-packages/torch/_inductor/triton_bundler.py:247] [3/0] RuntimeError: ('Cubin file saved by TritonBundler not found at %s', '/workspace/repo/.inductor_cache_cu130/triton/1/62QQFYKRNJJGVTQC5LEG5OWZPA3TDKNBPOOE3B3W6XQ4KRBC5GDA/triton_poi_fused__to_copy_add_clamp_min_constant_pad_nd_convolution_div_expand_linalg_vector_norm_mul_silu_50.cubin')
W1006 17:16:37.237000 112021 .venv-cu130/lib/python3.12/site-packages/torch/_inductor/triton_bundler.py:247] [3/0] Failed to reload cubin file statically launchable autotuner triton_per_fused__to_copy__unsafe_view_add_clamp_min_clone_convolution_div_expand_linalg_vector_norm_mul_permute_pixel_shuffle_stack_view_51
W1006 17:16:37.237000 112021 .venv-cu130/lib/python3.12/site-packages/torch/_inductor/triton_bundler.py:247] [3/0] Traceback (most recent call last):
W1006 17:16:37.237000 112021 .venv-cu130/lib/python3.12/site-packages/torch/_inductor/triton_bundler.py:247] [3/0]   File "/workspace/repo/.venv-cu130/lib/python3.12/site-packages/torch/_inductor/triton_bundler.py", line 245, in load_autotuners
W1006 17:16:37.237000 112021 .venv-cu130/lib/python3.12/site-packages/torch/_inductor/triton_bundler.py:247] [3/0]     compile_result.reload_cubin_path()
W1006 17:16:37.237000 112021 .venv-cu130/lib/python3.12/site-packages/torch/_inductor/triton_bundler.py:247] [3/0]   File "/workspace/repo/.venv-cu130/lib/python3.12/site-packages/torch/_inductor/runtime/triton_heuristics.py", line 3037, in reload_cubin_path
W1006 17:16:37.237000 112021 .venv-cu130/lib/python3.12/site-packages/torch/_inductor/triton_bundler.py:247] [3/0]     raise RuntimeError(
W1006 17:16:37.237000 112021 .venv-cu130/lib/python3.12/site-packages/torch/_inductor/triton_bundler.py:247] [3/0] RuntimeError: ('Cubin file saved by TritonBundler not found at %s', '/workspace/repo/.inductor_cache_cu130/triton/1/HHFA22GK5B3IZYCLJVSKWPOT4W24I3IXU7FOWKD6VDITEQYBA5XA/triton_per_fused__to_copy__unsafe_view_add_clamp_min_clone_convolution_div_expand_linalg_vector_norm_mul_permute_pixel_shuffle_stack_view_51.cubin')
W1006 17:16:37.238000 112021 .venv-cu130/lib/python3.12/site-packages/torch/_inductor/triton_bundler.py:247] [3/0] Failed to reload cubin file statically launchable autotuner triton_poi_fused__to_copy_constant_pad_nd_silu_52
W1006 17:16:37.238000 112021 .venv-cu130/lib/python3.12/site-packages/torch/_inductor/triton_bundler.py:247] [3/0] Traceback (most recent call last):
W1006 17:16:37.238000 112021 .venv-cu130/lib/python3.12/site-packages/torch/_inductor/triton_bundler.py:247] [3/0]   File "/workspace/repo/.venv-cu130/lib/python3.12/site-packages/torch/_inductor/triton_bundler.py", line 245, in load_autotuners
W1006 17:16:37.238000 112021 .venv-cu130/lib/python3.12/site-packages/torch/_inductor/triton_bundler.py:247] [3/0]     compile_result.reload_cubin_path()
W1006 17:16:37.238000 112021 .venv-cu130/lib/python3.12/site-packages/torch/_inductor/triton_bundler.py:247] [3/0]   File "/workspace/repo/.venv-cu130/lib/python3.12/site-packages/torch/_inductor/runtime/triton_heuristics.py", line 3037, in reload_cubin_path
W1006 17:16:37.238000 112021 .venv-cu130/lib/python3.12/site-packages/torch/_inductor/triton_bundler.py:247] [3/0]     raise RuntimeError(
W1006 17:16:37.238000 112021 .venv-cu130/lib/python3.12/site-packages/torch/_inductor/triton_bundler.py:247] [3/0] RuntimeError: ('Cubin file saved by TritonBundler not found at %s', '/workspace/repo/.inductor_cache_cu130/triton/1/2O4FKPVZITZMIUAJ2FWFL2AE5WRHLGDH53ZIOM3D4FTSYPYQQXUQ/triton_poi_fused__to_copy_constant_pad_nd_silu_52.cubin')
W1006 17:16:37.238000 112021 .venv-cu130/lib/python3.12/site-packages/torch/_inductor/triton_bundler.py:247] [3/0] Failed to reload cubin file statically launchable autotuner triton_per_fused__to_copy__unsafe_view_add_clone_convolution_linalg_vector_norm_permute_pixel_shuffle_stack_view_53
W1006 17:16:37.238000 112021 .venv-cu130/lib/python3.12/site-packages/torch/_inductor/triton_bundler.py:247] [3/0] Traceback (most recent call last):
W1006 17:16:37.238000 112021 .venv-cu130/lib/python3.12/site-packages/torch/_inductor/triton_bundler.py:247] [3/0]   File "/workspace/repo/.venv-cu130/lib/python3.12/site-packages/torch/_inductor/triton_bundler.py", line 245, in load_autotuners
W1006 17:16:37.238000 112021 .venv-cu130/lib/python3.12/site-packages/torch/_inductor/triton_bundler.py:247] [3/0]     compile_result.reload_cubin_path()
W1006 17:16:37.238000 112021 .venv-cu130/lib/python3.12/site-packages/torch/_inductor/triton_bundler.py:247] [3/0]   File "/workspace/repo/.venv-cu130/lib/python3.12/site-packages/torch/_inductor/runtime/triton_heuristics.py", line 3037, in reload_cubin_path
W1006 17:16:37.238000 112021 .venv-cu130/lib/python3.12/site-packages/torch/_inductor/triton_bundler.py:247] [3/0]     raise RuntimeError(
W1006 17:16:37.238000 112021 .venv-cu130/lib/python3.12/site-packages/torch/_inductor/triton_bundler.py:247] [3/0] RuntimeError: ('Cubin file saved by TritonBundler not found at %s', '/workspace/repo/.inductor_cache_cu130/triton/1/ZRABNQCJU6XOIWS2R7VZB2YWHEOAOSN3WY4CQSCKLXJKYBLYZOEQ/triton_per_fused__to_copy__unsafe_view_add_clone_convolution_linalg_vector_norm_permute_pixel_shuffle_stack_view_53.cubin')
W1006 17:16:37.238000 112021 .venv-cu130/lib/python3.12/site-packages/torch/_inductor/triton_bundler.py:247] [3/0] Failed to reload cubin file statically launchable autotuner triton_poi_fused__to_copy_add_clamp_min_constant_pad_nd_div_expand_linalg_vector_norm_mul_silu_54
W1006 17:16:37.238000 112021 .venv-cu130/lib/python3.12/site-packages/torch/_inductor/triton_bundler.py:247] [3/0] Traceback (most recent call last):
W1006 17:16:37.238000 112021 .venv-cu130/lib/python3.12/site-packages/torch/_inductor/triton_bundler.py:247] [3/0]   File "/workspace/repo/.venv-cu130/lib/python3.12/site-packages/torch/_inductor/triton_bundler.py", line 245, in load_autotuners
W1006 17:16:37.238000 112021 .venv-cu130/lib/python3.12/site-packages/torch/_inductor/triton_bundler.py:247] [3/0]     compile_result.reload_cubin_path()
W1006 17:16:37.238000 112021 .venv-cu130/lib/python3.12/site-packages/torch/_inductor/triton_bundler.py:247] [3/0]   File "/workspace/repo/.venv-cu130/lib/python3.12/site-packages/torch/_inductor/runtime/triton_heuristics.py", line 3037, in reload_cubin_path
W1006 17:16:37.238000 112021 .venv-cu130/lib/python3.12/site-packages/torch/_inductor/triton_bundler.py:247] [3/0]     raise RuntimeError(
W1006 17:16:37.238000 112021 .venv-cu130/lib/python3.12/site-packages/torch/_inductor/triton_bundler.py:247] [3/0] RuntimeError: ('Cubin file saved by TritonBundler not found at %s', '/workspace/repo/.inductor_cache_cu130/triton/1/5KUJQYF2EG5LMGLGEK7BZJRVBI52AHIP6I33KIO43W67RGYEJVUA/triton_poi_fused__to_copy_add_clamp_min_constant_pad_nd_div_expand_linalg_vector_norm_mul_silu_54.cubin')
W1006 17:16:37.238000 112021 .venv-cu130/lib/python3.12/site-packages/torch/_inductor/triton_bundler.py:247] [3/0] Failed to reload cubin file statically launchable autotuner triton_per_fused__to_copy_add_clamp_min_convolution_div_expand_linalg_vector_norm_mul_55
W1006 17:16:37.238000 112021 .venv-cu130/lib/python3.12/site-packages/torch/_inductor/triton_bundler.py:247] [3/0] Traceback (most recent call last):
W1006 17:16:37.238000 112021 .venv-cu130/lib/python3.12/site-packages/torch/_inductor/triton_bundler.py:247] [3/0]   File "/workspace/repo/.venv-cu130/lib/python3.12/site-packages/torch/_inductor/triton_bundler.py", line 245, in load_autotuners
W1006 17:16:37.238000 112021 .venv-cu130/lib/python3.12/site-packages/torch/_inductor/triton_bundler.py:247] [3/0]     compile_result.reload_cubin_path()
W1006 17:16:37.238000 112021 .venv-cu130/lib/python3.12/site-packages/torch/_inductor/triton_bundler.py:247] [3/0]   File "/workspace/repo/.venv-cu130/lib/python3.12/site-packages/torch/_inductor/runtime/triton_heuristics.py", line 3037, in reload_cubin_path
W1006 17:16:37.238000 112021 .venv-cu130/lib/python3.12/site-packages/torch/_inductor/triton_bundler.py:247] [3/0]     raise RuntimeError(
W1006 17:16:37.238000 112021 .venv-cu130/lib/python3.12/site-packages/torch/_inductor/triton_bundler.py:247] [3/0] RuntimeError: ('Cubin file saved by TritonBundler not found at %s', '/workspace/repo/.inductor_cache_cu130/triton/1/OWPBT5CBKSZPZHMUMTTV55IYV44MAK7G4LSEI2E552U6STVNNG3A/triton_per_fused__to_copy_add_clamp_min_convolution_div_expand_linalg_vector_norm_mul_55.cubin')
W1006 17:16:37.239000 112021 .venv-cu130/lib/python3.12/site-packages/torch/_inductor/triton_bundler.py:247] [3/0] Failed to reload cubin file statically launchable autotuner triton_tem_fused__to_copy_constant_pad_nd_convolution_silu_56
W1006 17:16:37.239000 112021 .venv-cu130/lib/python3.12/site-packages/torch/_inductor/triton_bundler.py:247] [3/0] Traceback (most recent call last):
W1006 17:16:37.239000 112021 .venv-cu130/lib/python3.12/site-packages/torch/_inductor/triton_bundler.py:247] [3/0]   File "/workspace/repo/.venv-cu130/lib/python3.12/site-packages/torch/_inductor/triton_bundler.py", line 245, in load_autotuners
W1006 17:16:37.239000 112021 .venv-cu130/lib/python3.12/site-packages/torch/_inductor/triton_bundler.py:247] [3/0]     compile_result.reload_cubin_path()
W1006 17:16:37.239000 112021 .venv-cu130/lib/python3.12/site-packages/torch/_inductor/triton_bundler.py:247] [3/0]   File "/workspace/repo/.venv-cu130/lib/python3.12/site-packages/torch/_inductor/runtime/triton_heuristics.py", line 3037, in reload_cubin_path
W1006 17:16:37.239000 112021 .venv-cu130/lib/python3.12/site-packages/torch/_inductor/triton_bundler.py:247] [3/0]     raise RuntimeError(
W1006 17:16:37.239000 112021 .venv-cu130/lib/python3.12/site-packages/torch/_inductor/triton_bundler.py:247] [3/0] RuntimeError: ('Cubin file saved by TritonBundler not found at %s', '/workspace/repo/.inductor_cache_cu130/triton/1/OTMTV2BXJ3BFVEGJZT5FHJRHBWG537EGKD5AGNBR7SHHADWWYWDA/triton_tem_fused__to_copy_constant_pad_nd_convolution_silu_56.cubin')
W1006 17:16:37.239000 112021 .venv-cu130/lib/python3.12/site-packages/torch/_inductor/triton_bundler.py:247] [3/0] Failed to reload cubin file statically launchable autotuner triton_poi_fused__to_copy_constant_pad_nd_convolution_silu_57
W1006 17:16:37.239000 112021 .venv-cu130/lib/python3.12/site-packages/torch/_inductor/triton_bundler.py:247] [3/0] Traceback (most recent call last):
W1006 17:16:37.239000 112021 .venv-cu130/lib/python3.12/site-packages/torch/_inductor/triton_bundler.py:247] [3/0]   File "/workspace/repo/.venv-cu130/lib/python3.12/site-packages/torch/_inductor/triton_bundler.py", line 245, in load_autotuners
W1006 17:16:37.239000 112021 .venv-cu130/lib/python3.12/site-packages/torch/_inductor/triton_bundler.py:247] [3/0]     compile_result.reload_cubin_path()
W1006 17:16:37.239000 112021 .venv-cu130/lib/python3.12/site-packages/torch/_inductor/triton_bundler.py:247] [3/0]   File "/workspace/repo/.venv-cu130/lib/python3.12/site-packages/torch/_inductor/runtime/triton_heuristics.py", line 3037, in reload_cubin_path
W1006 17:16:37.239000 112021 .venv-cu130/lib/python3.12/site-packages/torch/_inductor/triton_bundler.py:247] [3/0]     raise RuntimeError(
W1006 17:16:37.239000 112021 .venv-cu130/lib/python3.12/site-packages/torch/_inductor/triton_bundler.py:247] [3/0] RuntimeError: ('Cubin file saved by TritonBundler not found at %s', '/workspace/repo/.inductor_cache_cu130/triton/1/MNIJYZEN5QCLU5S63Q4326C6S4GDW6PWH3IM6DUC4VDCOPSGJ26Q/triton_poi_fused__to_copy_constant_pad_nd_convolution_silu_57.cubin')
W1006 17:17:17.540000 112021 .venv-cu130/lib/python3.12/site-packages/torch/_inductor/triton_bundler.py:247] [3/1] Failed to reload cubin file statically launchable autotuner triton_poi_fused_cat_0
W1006 17:17:17.540000 112021 .venv-cu130/lib/python3.12/site-packages/torch/_inductor/triton_bundler.py:247] [3/1] Traceback (most recent call last):
W1006 17:17:17.540000 112021 .venv-cu130/lib/python3.12/site-packages/torch/_inductor/triton_bundler.py:247] [3/1]   File "/workspace/repo/.venv-cu130/lib/python3.12/site-packages/torch/_inductor/triton_bundler.py", line 245, in load_autotuners
W1006 17:17:17.540000 112021 .venv-cu130/lib/python3.12/site-packages/torch/_inductor/triton_bundler.py:247] [3/1]     compile_result.reload_cubin_path()
W1006 17:17:17.540000 112021 .venv-cu130/lib/python3.12/site-packages/torch/_inductor/triton_bundler.py:247] [3/1]   File "/workspace/repo/.venv-cu130/lib/python3.12/site-packages/torch/_inductor/runtime/triton_heuristics.py", line 3037, in reload_cubin_path
W1006 17:17:17.540000 112021 .venv-cu130/lib/python3.12/site-packages/torch/_inductor/triton_bundler.py:247] [3/1]     raise RuntimeError(
W1006 17:17:17.540000 112021 .venv-cu130/lib/python3.12/site-packages/torch/_inductor/triton_bundler.py:247] [3/1] RuntimeError: ('Cubin file saved by TritonBundler not found at %s', '/workspace/repo/.inductor_cache_cu130/triton/1/7W435NZFPGGVTXBEGURJQ2P7CXH5CBTAMZDL2EEXXBMTZB3KJP4A/triton_poi_fused_cat_0.cubin')
W1006 17:17:17.540000 112021 .venv-cu130/lib/python3.12/site-packages/torch/_inductor/triton_bundler.py:247] [3/1] Failed to reload cubin file statically launchable autotuner triton_poi_fused_clone_slice_1
W1006 17:17:17.540000 112021 .venv-cu130/lib/python3.12/site-packages/torch/_inductor/triton_bundler.py:247] [3/1] Traceback (most recent call last):
W1006 17:17:17.540000 112021 .venv-cu130/lib/python3.12/site-packages/torch/_inductor/triton_bundler.py:247] [3/1]   File "/workspace/repo/.venv-cu130/lib/python3.12/site-packages/torch/_inductor/triton_bundler.py", line 245, in load_autotuners
W1006 17:17:17.540000 112021 .venv-cu130/lib/python3.12/site-packages/torch/_inductor/triton_bundler.py:247] [3/1]     compile_result.reload_cubin_path()
W1006 17:17:17.540000 112021 .venv-cu130/lib/python3.12/site-packages/torch/_inductor/triton_bundler.py:247] [3/1]   File "/workspace/repo/.venv-cu130/lib/python3.12/site-packages/torch/_inductor/runtime/triton_heuristics.py", line 3037, in reload_cubin_path
W1006 17:17:17.540000 112021 .venv-cu130/lib/python3.12/site-packages/torch/_inductor/triton_bundler.py:247] [3/1]     raise RuntimeError(
W1006 17:17:17.540000 112021 .venv-cu130/lib/python3.12/site-packages/torch/_inductor/triton_bundler.py:247] [3/1] RuntimeError: ('Cubin file saved by TritonBundler not found at %s', '/workspace/repo/.inductor_cache_cu130/triton/1/FTDKVJLSPDSHCJOFBAKLUDTCC5QQNDCOHKZFXOTBDZLM27SQKPDA/triton_poi_fused_clone_slice_1.cubin')
W1006 17:17:17.541000 112021 .venv-cu130/lib/python3.12/site-packages/torch/_inductor/triton_bundler.py:247] [3/1] Failed to reload cubin file statically launchable autotuner triton_tem_fused_convolution_2
W1006 17:17:17.541000 112021 .venv-cu130/lib/python3.12/site-packages/torch/_inductor/triton_bundler.py:247] [3/1] Traceback (most recent call last):
W1006 17:17:17.541000 112021 .venv-cu130/lib/python3.12/site-packages/torch/_inductor/triton_bundler.py:247] [3/1]   File "/workspace/repo/.venv-cu130/lib/python3.12/site-packages/torch/_inductor/triton_bundler.py", line 245, in load_autotuners
W1006 17:17:17.541000 112021 .venv-cu130/lib/python3.12/site-packages/torch/_inductor/triton_bundler.py:247] [3/1]     compile_result.reload_cubin_path()
W1006 17:17:17.541000 112021 .venv-cu130/lib/python3.12/site-packages/torch/_inductor/triton_bundler.py:247] [3/1]   File "/workspace/repo/.venv-cu130/lib/python3.12/site-packages/torch/_inductor/runtime/triton_heuristics.py", line 3037, in reload_cubin_path
W1006 17:17:17.541000 112021 .venv-cu130/lib/python3.12/site-packages/torch/_inductor/triton_bundler.py:247] [3/1]     raise RuntimeError(
W1006 17:17:17.541000 112021 .venv-cu130/lib/python3.12/site-packages/torch/_inductor/triton_bundler.py:247] [3/1] RuntimeError: ('Cubin file saved by TritonBundler not found at %s', '/workspace/repo/.inductor_cache_cu130/triton/1/DVPSYATMBYAOGNKBV2ROXK3QLPQHA6B3QQB7VDN4HV3Q7UENBMYA/triton_tem_fused_convolution_2.cubin')
W1006 17:17:17.541000 112021 .venv-cu130/lib/python3.12/site-packages/torch/_inductor/triton_bundler.py:247] [3/1] Failed to reload cubin file statically launchable autotuner triton_per_fused__to_copy_add_clamp_min_convolution_div_expand_linalg_vector_norm_mul_silu_3
W1006 17:17:17.541000 112021 .venv-cu130/lib/python3.12/site-packages/torch/_inductor/triton_bundler.py:247] [3/1] Traceback (most recent call last):
W1006 17:17:17.541000 112021 .venv-cu130/lib/python3.12/site-packages/torch/_inductor/triton_bundler.py:247] [3/1]   File "/workspace/repo/.venv-cu130/lib/python3.12/site-packages/torch/_inductor/triton_bundler.py", line 245, in load_autotuners
W1006 17:17:17.541000 112021 .venv-cu130/lib/python3.12/site-packages/torch/_inductor/triton_bundler.py:247] [3/1]     compile_result.reload_cubin_path()
W1006 17:17:17.541000 112021 .venv-cu130/lib/python3.12/site-packages/torch/_inductor/triton_bundler.py:247] [3/1]   File "/workspace/repo/.venv-cu130/lib/python3.12/site-packages/torch/_inductor/runtime/triton_heuristics.py", line 3037, in reload_cubin_path
W1006 17:17:17.541000 112021 .venv-cu130/lib/python3.12/site-packages/torch/_inductor/triton_bundler.py:247] [3/1]     raise RuntimeError(
W1006 17:17:17.541000 112021 .venv-cu130/lib/python3.12/site-packages/torch/_inductor/triton_bundler.py:247] [3/1] RuntimeError: ('Cubin file saved by TritonBundler not found at %s', '/workspace/repo/.inductor_cache_cu130/triton/1/SPZMGMXFAK7ZAUJZQDLU3TNSEQCEIMI7YQ7VLUN6RSMSNEH572NA/triton_per_fused__to_copy_add_clamp_min_convolution_div_expand_linalg_vector_norm_mul_silu_3.cubin')
W1006 17:17:17.541000 112021 .venv-cu130/lib/python3.12/site-packages/torch/_inductor/triton_bundler.py:247] [3/1] Failed to reload cubin file statically launchable autotuner triton_poi_fused__to_copy_add_cat_clamp_min_convolution_div_expand_linalg_vector_norm_mul_silu_4
W1006 17:17:17.541000 112021 .venv-cu130/lib/python3.12/site-packages/torch/_inductor/triton_bundler.py:247] [3/1] Traceback (most recent call last):
W1006 17:17:17.541000 112021 .venv-cu130/lib/python3.12/site-packages/torch/_inductor/triton_bundler.py:247] [3/1]   File "/workspace/repo/.venv-cu130/lib/python3.12/site-packages/torch/_inductor/triton_bundler.py", line 245, in load_autotuners
W1006 17:17:17.541000 112021 .venv-cu130/lib/python3.12/site-packages/torch/_inductor/triton_bundler.py:247] [3/1]     compile_result.reload_cubin_path()
W1006 17:17:17.541000 112021 .venv-cu130/lib/python3.12/site-packages/torch/_inductor/triton_bundler.py:247] [3/1]   File "/workspace/repo/.venv-cu130/lib/python3.12/site-packages/torch/_inductor/runtime/triton_heuristics.py", line 3037, in reload_cubin_path
W1006 17:17:17.541000 112021 .venv-cu130/lib/python3.12/site-packages/torch/_inductor/triton_bundler.py:247] [3/1]     raise RuntimeError(
W1006 17:17:17.541000 112021 .venv-cu130/lib/python3.12/site-packages/torch/_inductor/triton_bundler.py:247] [3/1] RuntimeError: ('Cubin file saved by TritonBundler not found at %s', '/workspace/repo/.inductor_cache_cu130/triton/1/ZYCVN7DZZUU4SB4FO4P2HHLUBK4OHLEGNVEZTYOPFEKAJGV44AEQ/triton_poi_fused__to_copy_add_cat_clamp_min_convolution_div_expand_linalg_vector_norm_mul_silu_4.cubin')
W1006 17:17:17.542000 112021 .venv-cu130/lib/python3.12/site-packages/torch/_inductor/triton_bundler.py:247] [3/1] Failed to reload cubin file statically launchable autotuner triton_tem_fused_convolution_5
W1006 17:17:17.542000 112021 .venv-cu130/lib/python3.12/site-packages/torch/_inductor/triton_bundler.py:247] [3/1] Traceback (most recent call last):
W1006 17:17:17.542000 112021 .venv-cu130/lib/python3.12/site-packages/torch/_inductor/triton_bundler.py:247] [3/1]   File "/workspace/repo/.venv-cu130/lib/python3.12/site-packages/torch/_inductor/triton_bundler.py", line 245, in load_autotuners
W1006 17:17:17.542000 112021 .venv-cu130/lib/python3.12/site-packages/torch/_inductor/triton_bundler.py:247] [3/1]     compile_result.reload_cubin_path()
W1006 17:17:17.542000 112021 .venv-cu130/lib/python3.12/site-packages/torch/_inductor/triton_bundler.py:247] [3/1]   File "/workspace/repo/.venv-cu130/lib/python3.12/site-packages/torch/_inductor/runtime/triton_heuristics.py", line 3037, in reload_cubin_path
W1006 17:17:17.542000 112021 .venv-cu130/lib/python3.12/site-packages/torch/_inductor/triton_bundler.py:247] [3/1]     raise RuntimeError(
W1006 17:17:17.542000 112021 .venv-cu130/lib/python3.12/site-packages/torch/_inductor/triton_bundler.py:247] [3/1] RuntimeError: ('Cubin file saved by TritonBundler not found at %s', '/workspace/repo/.inductor_cache_cu130/triton/1/ER3RCLBYPKL47WQN5AKU4KWM5JHQQFCUJODJGVRSIDDBWI75YY2Q/triton_tem_fused_convolution_5.cubin')
W1006 17:17:17.542000 112021 .venv-cu130/lib/python3.12/site-packages/torch/_inductor/triton_bundler.py:247] [3/1] Failed to reload cubin file statically launchable autotuner triton_poi_fused_clone_slice_6
W1006 17:17:17.542000 112021 .venv-cu130/lib/python3.12/site-packages/torch/_inductor/triton_bundler.py:247] [3/1] Traceback (most recent call last):
W1006 17:17:17.542000 112021 .venv-cu130/lib/python3.12/site-packages/torch/_inductor/triton_bundler.py:247] [3/1]   File "/workspace/repo/.venv-cu130/lib/python3.12/site-packages/torch/_inductor/triton_bundler.py", line 245, in load_autotuners
W1006 17:17:17.542000 112021 .venv-cu130/lib/python3.12/site-packages/torch/_inductor/triton_bundler.py:247] [3/1]     compile_result.reload_cubin_path()
W1006 17:17:17.542000 112021 .venv-cu130/lib/python3.12/site-packages/torch/_inductor/triton_bundler.py:247] [3/1]   File "/workspace/repo/.venv-cu130/lib/python3.12/site-packages/torch/_inductor/runtime/triton_heuristics.py", line 3037, in reload_cubin_path
W1006 17:17:17.542000 112021 .venv-cu130/lib/python3.12/site-packages/torch/_inductor/triton_bundler.py:247] [3/1]     raise RuntimeError(
W1006 17:17:17.542000 112021 .venv-cu130/lib/python3.12/site-packages/torch/_inductor/triton_bundler.py:247] [3/1] RuntimeError: ('Cubin file saved by TritonBundler not found at %s', '/workspace/repo/.inductor_cache_cu130/triton/1/5G3P4EYVYTKP3FPRUPOHSWOPTN7H3D5KVID4TK3B2FYW6ILEAGZA/triton_poi_fused_clone_slice_6.cubin')
W1006 17:17:17.542000 112021 .venv-cu130/lib/python3.12/site-packages/torch/_inductor/triton_bundler.py:247] [3/1] Failed to reload cubin file statically launchable autotuner triton_per_fused__to_copy_add_clamp_min_convolution_div_expand_linalg_vector_norm_mul_permute_view_7
W1006 17:17:17.542000 112021 .venv-cu130/lib/python3.12/site-packages/torch/_inductor/triton_bundler.py:247] [3/1] Traceback (most recent call last):
W1006 17:17:17.542000 112021 .venv-cu130/lib/python3.12/site-packages/torch/_inductor/triton_bundler.py:247] [3/1]   File "/workspace/repo/.venv-cu130/lib/python3.12/site-packages/torch/_inductor/triton_bundler.py", line 245, in load_autotuners
W1006 17:17:17.542000 112021 .venv-cu130/lib/python3.12/site-packages/torch/_inductor/triton_bundler.py:247] [3/1]     compile_result.reload_cubin_path()
W1006 17:17:17.542000 112021 .venv-cu130/lib/python3.12/site-packages/torch/_inductor/triton_bundler.py:247] [3/1]   File "/workspace/repo/.venv-cu130/lib/python3.12/site-packages/torch/_inductor/runtime/triton_heuristics.py", line 3037, in reload_cubin_path
W1006 17:17:17.542000 112021 .venv-cu130/lib/python3.12/site-packages/torch/_inductor/triton_bundler.py:247] [3/1]     raise RuntimeError(
W1006 17:17:17.542000 112021 .venv-cu130/lib/python3.12/site-packages/torch/_inductor/triton_bundler.py:247] [3/1] RuntimeError: ('Cubin file saved by TritonBundler not found at %s', '/workspace/repo/.inductor_cache_cu130/triton/1/JSVETFTHUNNPSY4JOKFVML3NOG2NMHWNHDXBJUEW57EIJ43WLINA/triton_per_fused__to_copy_add_clamp_min_convolution_div_expand_linalg_vector_norm_mul_permute_view_7.cubin')
W1006 17:17:17.543000 112021 .venv-cu130/lib/python3.12/site-packages/torch/_inductor/triton_bundler.py:247] [3/1] Failed to reload cubin file statically launchable autotuner triton_tem_fused__to_copy_add_clamp_min_convolution_div_expand_linalg_vector_norm_mul_permute_view_8
W1006 17:17:17.543000 112021 .venv-cu130/lib/python3.12/site-packages/torch/_inductor/triton_bundler.py:247] [3/1] Traceback (most recent call last):
W1006 17:17:17.543000 112021 .venv-cu130/lib/python3.12/site-packages/torch/_inductor/triton_bundler.py:247] [3/1]   File "/workspace/repo/.venv-cu130/lib/python3.12/site-packages/torch/_inductor/triton_bundler.py", line 245, in load_autotuners
W1006 17:17:17.543000 112021 .venv-cu130/lib/python3.12/site-packages/torch/_inductor/triton_bundler.py:247] [3/1]     compile_result.reload_cubin_path()
W1006 17:17:17.543000 112021 .venv-cu130/lib/python3.12/site-packages/torch/_inductor/triton_bundler.py:247] [3/1]   File "/workspace/repo/.venv-cu130/lib/python3.12/site-packages/torch/_inductor/runtime/triton_heuristics.py", line 3037, in reload_cubin_path
W1006 17:17:17.543000 112021 .venv-cu130/lib/python3.12/site-packages/torch/_inductor/triton_bundler.py:247] [3/1]     raise RuntimeError(
W1006 17:17:17.543000 112021 .venv-cu130/lib/python3.12/site-packages/torch/_inductor/triton_bundler.py:247] [3/1] RuntimeError: ('Cubin file saved by TritonBundler not found at %s', '/workspace/repo/.inductor_cache_cu130/triton/1/VD4ONQEXOYSTNDILDLT3PH4POEDOLBVQ5IFACGZXA63RDDBCZS6A/triton_tem_fused__to_copy_add_clamp_min_convolution_div_expand_linalg_vector_norm_mul_permute_view_8.cubin')
W1006 17:17:17.543000 112021 .venv-cu130/lib/python3.12/site-packages/torch/_inductor/triton_bundler.py:247] [3/1] Failed to reload cubin file statically launchable autotuner triton_tem_fused_convolution_permute_squeeze_view_9
W1006 17:17:17.543000 112021 .venv-cu130/lib/python3.12/site-packages/torch/_inductor/triton_bundler.py:247] [3/1] Traceback (most recent call last):
W1006 17:17:17.543000 112021 .venv-cu130/lib/python3.12/site-packages/torch/_inductor/triton_bundler.py:247] [3/1]   File "/workspace/repo/.venv-cu130/lib/python3.12/site-packages/torch/_inductor/triton_bundler.py", line 245, in load_autotuners
W1006 17:17:17.543000 112021 .venv-cu130/lib/python3.12/site-packages/torch/_inductor/triton_bundler.py:247] [3/1]     compile_result.reload_cubin_path()
W1006 17:17:17.543000 112021 .venv-cu130/lib/python3.12/site-packages/torch/_inductor/triton_bundler.py:247] [3/1]   File "/workspace/repo/.venv-cu130/lib/python3.12/site-packages/torch/_inductor/runtime/triton_heuristics.py", line 3037, in reload_cubin_path
W1006 17:17:17.543000 112021 .venv-cu130/lib/python3.12/site-packages/torch/_inductor/triton_bundler.py:247] [3/1]     raise RuntimeError(
W1006 17:17:17.543000 112021 .venv-cu130/lib/python3.12/site-packages/torch/_inductor/triton_bundler.py:247] [3/1] RuntimeError: ('Cubin file saved by TritonBundler not found at %s', '/workspace/repo/.inductor_cache_cu130/triton/1/U2PLGTOCORAHMEPFZSO6U3PLMVR3U5ZRF7D4KFTWNYBTQMQJJSEA/triton_tem_fused_convolution_permute_squeeze_view_9.cubin')
W1006 17:17:17.543000 112021 .venv-cu130/lib/python3.12/site-packages/torch/_inductor/triton_bundler.py:247] [3/1] Failed to reload cubin file statically launchable autotuner triton_per_fused__to_copy_add_clamp_min_convolution_div_expand_linalg_vector_norm_mul_permute_silu_squeeze_view_10
W1006 17:17:17.543000 112021 .venv-cu130/lib/python3.12/site-packages/torch/_inductor/triton_bundler.py:247] [3/1] Traceback (most recent call last):
W1006 17:17:17.543000 112021 .venv-cu130/lib/python3.12/site-packages/torch/_inductor/triton_bundler.py:247] [3/1]   File "/workspace/repo/.venv-cu130/lib/python3.12/site-packages/torch/_inductor/triton_bundler.py", line 245, in load_autotuners
W1006 17:17:17.543000 112021 .venv-cu130/lib/python3.12/site-packages/torch/_inductor/triton_bundler.py:247] [3/1]     compile_result.reload_cubin_path()
W1006 17:17:17.543000 112021 .venv-cu130/lib/python3.12/site-packages/torch/_inductor/triton_bundler.py:247] [3/1]   File "/workspace/repo/.venv-cu130/lib/python3.12/site-packages/torch/_inductor/runtime/triton_heuristics.py", line 3037, in reload_cubin_path
W1006 17:17:17.543000 112021 .venv-cu130/lib/python3.12/site-packages/torch/_inductor/triton_bundler.py:247] [3/1]     raise RuntimeError(
W1006 17:17:17.543000 112021 .venv-cu130/lib/python3.12/site-packages/torch/_inductor/triton_bundler.py:247] [3/1] RuntimeError: ('Cubin file saved by TritonBundler not found at %s', '/workspace/repo/.inductor_cache_cu130/triton/1/BSGOBNFG4ZVUMQVP4ERA4AFIS6E3V47SFPOV4UTCDWNPSIFXRISA/triton_per_fused__to_copy_add_clamp_min_convolution_div_expand_linalg_vector_norm_mul_permute_silu_squeeze_view_10.cubin')
W1006 17:17:17.543000 112021 .venv-cu130/lib/python3.12/site-packages/torch/_inductor/triton_bundler.py:247] [3/1] Failed to reload cubin file statically launchable autotuner triton_per_fused__to_copy_add_clamp_min_convolution_div_expand_linalg_vector_norm_mul_11
W1006 17:17:17.543000 112021 .venv-cu130/lib/python3.12/site-packages/torch/_inductor/triton_bundler.py:247] [3/1] Traceback (most recent call last):
W1006 17:17:17.543000 112021 .venv-cu130/lib/python3.12/site-packages/torch/_inductor/triton_bundler.py:247] [3/1]   File "/workspace/repo/.venv-cu130/lib/python3.12/site-packages/torch/_inductor/triton_bundler.py", line 245, in load_autotuners
W1006 17:17:17.543000 112021 .venv-cu130/lib/python3.12/site-packages/torch/_inductor/triton_bundler.py:247] [3/1]     compile_result.reload_cubin_path()
W1006 17:17:17.543000 112021 .venv-cu130/lib/python3.12/site-packages/torch/_inductor/triton_bundler.py:247] [3/1]   File "/workspace/repo/.venv-cu130/lib/python3.12/site-packages/torch/_inductor/runtime/triton_heuristics.py", line 3037, in reload_cubin_path
W1006 17:17:17.543000 112021 .venv-cu130/lib/python3.12/site-packages/torch/_inductor/triton_bundler.py:247] [3/1]     raise RuntimeError(
W1006 17:17:17.543000 112021 .venv-cu130/lib/python3.12/site-packages/torch/_inductor/triton_bundler.py:247] [3/1] RuntimeError: ('Cubin file saved by TritonBundler not found at %s', '/workspace/repo/.inductor_cache_cu130/triton/1/YG3MYDMPAHWVUKSSFAWN6JU5BGA6H5BU2GWWXZ6UEKMYCJGE3UGA/triton_per_fused__to_copy_add_clamp_min_convolution_div_expand_linalg_vector_norm_mul_11.cubin')
W1006 17:17:17.544000 112021 .venv-cu130/lib/python3.12/site-packages/torch/_inductor/triton_bundler.py:247] [3/1] Failed to reload cubin file statically launchable autotuner triton_poi_fused__to_copy_cat_silu_12
W1006 17:17:17.544000 112021 .venv-cu130/lib/python3.12/site-packages/torch/_inductor/triton_bundler.py:247] [3/1] Traceback (most recent call last):
W1006 17:17:17.544000 112021 .venv-cu130/lib/python3.12/site-packages/torch/_inductor/triton_bundler.py:247] [3/1]   File "/workspace/repo/.venv-cu130/lib/python3.12/site-packages/torch/_inductor/triton_bundler.py", line 245, in load_autotuners
W1006 17:17:17.544000 112021 .venv-cu130/lib/python3.12/site-packages/torch/_inductor/triton_bundler.py:247] [3/1]     compile_result.reload_cubin_path()
W1006 17:17:17.544000 112021 .venv-cu130/lib/python3.12/site-packages/torch/_inductor/triton_bundler.py:247] [3/1]   File "/workspace/repo/.venv-cu130/lib/python3.12/site-packages/torch/_inductor/runtime/triton_heuristics.py", line 3037, in reload_cubin_path
W1006 17:17:17.544000 112021 .venv-cu130/lib/python3.12/site-packages/torch/_inductor/triton_bundler.py:247] [3/1]     raise RuntimeError(
W1006 17:17:17.544000 112021 .venv-cu130/lib/python3.12/site-packages/torch/_inductor/triton_bundler.py:247] [3/1] RuntimeError: ('Cubin file saved by TritonBundler not found at %s', '/workspace/repo/.inductor_cache_cu130/triton/1/5JQAZREQJPD5XEIDD7TWGIYY3G47IUWAOMUIKLQNUYVBBFTNQC7Q/triton_poi_fused__to_copy_cat_silu_12.cubin')
W1006 17:17:17.544000 112021 .venv-cu130/lib/python3.12/site-packages/torch/_inductor/triton_bundler.py:247] [3/1] Failed to reload cubin file statically launchable autotuner triton_per_fused__to_copy_add_clamp_min_convolution_div_expand_linalg_vector_norm_mul_silu_13
W1006 17:17:17.544000 112021 .venv-cu130/lib/python3.12/site-packages/torch/_inductor/triton_bundler.py:247] [3/1] Traceback (most recent call last):
W1006 17:17:17.544000 112021 .venv-cu130/lib/python3.12/site-packages/torch/_inductor/triton_bundler.py:247] [3/1]   File "/workspace/repo/.venv-cu130/lib/python3.12/site-packages/torch/_inductor/triton_bundler.py", line 245, in load_autotuners
W1006 17:17:17.544000 112021 .venv-cu130/lib/python3.12/site-packages/torch/_inductor/triton_bundler.py:247] [3/1]     compile_result.reload_cubin_path()
W1006 17:17:17.544000 112021 .venv-cu130/lib/python3.12/site-packages/torch/_inductor/triton_bundler.py:247] [3/1]   File "/workspace/repo/.venv-cu130/lib/python3.12/site-packages/torch/_inductor/runtime/triton_heuristics.py", line 3037, in reload_cubin_path
W1006 17:17:17.544000 112021 .venv-cu130/lib/python3.12/site-packages/torch/_inductor/triton_bundler.py:247] [3/1]     raise RuntimeError(
W1006 17:17:17.544000 112021 .venv-cu130/lib/python3.12/site-packages/torch/_inductor/triton_bundler.py:247] [3/1] RuntimeError: ('Cubin file saved by TritonBundler not found at %s', '/workspace/repo/.inductor_cache_cu130/triton/1/RZQZJWAQ6IATR7GF73ZI2YATPMC35FGSZC7BLHL2LYQAST7RA2BA/triton_per_fused__to_copy_add_clamp_min_convolution_div_expand_linalg_vector_norm_mul_silu_13.cubin')
W1006 17:17:17.544000 112021 .venv-cu130/lib/python3.12/site-packages/torch/_inductor/triton_bundler.py:247] [3/1] Failed to reload cubin file statically launchable autotuner triton_poi_fused_add_cat_convolution_14
W1006 17:17:17.544000 112021 .venv-cu130/lib/python3.12/site-packages/torch/_inductor/triton_bundler.py:247] [3/1] Traceback (most recent call last):
W1006 17:17:17.544000 112021 .venv-cu130/lib/python3.12/site-packages/torch/_inductor/triton_bundler.py:247] [3/1]   File "/workspace/repo/.venv-cu130/lib/python3.12/site-packages/torch/_inductor/triton_bundler.py", line 245, in load_autotuners
W1006 17:17:17.544000 112021 .venv-cu130/lib/python3.12/site-packages/torch/_inductor/triton_bundler.py:247] [3/1]     compile_result.reload_cubin_path()
W1006 17:17:17.544000 112021 .venv-cu130/lib/python3.12/site-packages/torch/_inductor/triton_bundler.py:247] [3/1]   File "/workspace/repo/.venv-cu130/lib/python3.12/site-packages/torch/_inductor/runtime/triton_heuristics.py", line 3037, in reload_cubin_path
W1006 17:17:17.544000 112021 .venv-cu130/lib/python3.12/site-packages/torch/_inductor/triton_bundler.py:247] [3/1]     raise RuntimeError(
W1006 17:17:17.544000 112021 .venv-cu130/lib/python3.12/site-packages/torch/_inductor/triton_bundler.py:247] [3/1] RuntimeError: ('Cubin file saved by TritonBundler not found at %s', '/workspace/repo/.inductor_cache_cu130/triton/1/UPQWXC7OJ672GDPM2JLJDQRXWTQLOKZVSQRL5TYT6HONG6CCVQAQ/triton_poi_fused_add_cat_convolution_14.cubin')
W1006 17:17:17.545000 112021 .venv-cu130/lib/python3.12/site-packages/torch/_inductor/triton_bundler.py:247] [3/1] Failed to reload cubin file statically launchable autotuner triton_tem_fused_convolution_15
W1006 17:17:17.545000 112021 .venv-cu130/lib/python3.12/site-packages/torch/_inductor/triton_bundler.py:247] [3/1] Traceback (most recent call last):
W1006 17:17:17.545000 112021 .venv-cu130/lib/python3.12/site-packages/torch/_inductor/triton_bundler.py:247] [3/1]   File "/workspace/repo/.venv-cu130/lib/python3.12/site-packages/torch/_inductor/triton_bundler.py", line 245, in load_autotuners
W1006 17:17:17.545000 112021 .venv-cu130/lib/python3.12/site-packages/torch/_inductor/triton_bundler.py:247] [3/1]     compile_result.reload_cubin_path()
W1006 17:17:17.545000 112021 .venv-cu130/lib/python3.12/site-packages/torch/_inductor/triton_bundler.py:247] [3/1]   File "/workspace/repo/.venv-cu130/lib/python3.12/site-packages/torch/_inductor/runtime/triton_heuristics.py", line 3037, in reload_cubin_path
W1006 17:17:17.545000 112021 .venv-cu130/lib/python3.12/site-packages/torch/_inductor/triton_bundler.py:247] [3/1]     raise RuntimeError(
W1006 17:17:17.545000 112021 .venv-cu130/lib/python3.12/site-packages/torch/_inductor/triton_bundler.py:247] [3/1] RuntimeError: ('Cubin file saved by TritonBundler not found at %s', '/workspace/repo/.inductor_cache_cu130/triton/1/3TDL2V22UKGXTWIZZWMJKCV4JPGEQQM2UKZHUDA25ZKFUKJXSXNQ/triton_tem_fused_convolution_15.cubin')
W1006 17:17:17.545000 112021 .venv-cu130/lib/python3.12/site-packages/torch/_inductor/triton_bundler.py:247] [3/1] Failed to reload cubin file statically launchable autotuner triton_poi_fused_convolution_select_stack_view_16
W1006 17:17:17.545000 112021 .venv-cu130/lib/python3.12/site-packages/torch/_inductor/triton_bundler.py:247] [3/1] Traceback (most recent call last):
W1006 17:17:17.545000 112021 .venv-cu130/lib/python3.12/site-packages/torch/_inductor/triton_bundler.py:247] [3/1]   File "/workspace/repo/.venv-cu130/lib/python3.12/site-packages/torch/_inductor/triton_bundler.py", line 245, in load_autotuners
W1006 17:17:17.545000 112021 .venv-cu130/lib/python3.12/site-packages/torch/_inductor/triton_bundler.py:247] [3/1]     compile_result.reload_cubin_path()
W1006 17:17:17.545000 112021 .venv-cu130/lib/python3.12/site-packages/torch/_inductor/triton_bundler.py:247] [3/1]   File "/workspace/repo/.venv-cu130/lib/python3.12/site-packages/torch/_inductor/runtime/triton_heuristics.py", line 3037, in reload_cubin_path
W1006 17:17:17.545000 112021 .venv-cu130/lib/python3.12/site-packages/torch/_inductor/triton_bundler.py:247] [3/1]     raise RuntimeError(
W1006 17:17:17.545000 112021 .venv-cu130/lib/python3.12/site-packages/torch/_inductor/triton_bundler.py:247] [3/1] RuntimeError: ('Cubin file saved by TritonBundler not found at %s', '/workspace/repo/.inductor_cache_cu130/triton/1/SIJEXIDJS4TBRRB34MSP65L2ZL24M3IQJ3T72Z6G5QWQE2PCCP6Q/triton_poi_fused_convolution_select_stack_view_16.cubin')
W1006 17:17:17.545000 112021 .venv-cu130/lib/python3.12/site-packages/torch/_inductor/triton_bundler.py:247] [3/1] Failed to reload cubin file statically launchable autotuner triton_tem_fused_convolution_permute_select_stack_view_17
W1006 17:17:17.545000 112021 .venv-cu130/lib/python3.12/site-packages/torch/_inductor/triton_bundler.py:247] [3/1] Traceback (most recent call last):
W1006 17:17:17.545000 112021 .venv-cu130/lib/python3.12/site-packages/torch/_inductor/triton_bundler.py:247] [3/1]   File "/workspace/repo/.venv-cu130/lib/python3.12/site-packages/torch/_inductor/triton_bundler.py", line 245, in load_autotuners
W1006 17:17:17.545000 112021 .venv-cu130/lib/python3.12/site-packages/torch/_inductor/triton_bundler.py:247] [3/1]     compile_result.reload_cubin_path()
W1006 17:17:17.545000 112021 .venv-cu130/lib/python3.12/site-packages/torch/_inductor/triton_bundler.py:247] [3/1]   File "/workspace/repo/.venv-cu130/lib/python3.12/site-packages/torch/_inductor/runtime/triton_heuristics.py", line 3037, in reload_cubin_path
W1006 17:17:17.545000 112021 .venv-cu130/lib/python3.12/site-packages/torch/_inductor/triton_bundler.py:247] [3/1]     raise RuntimeError(
W1006 17:17:17.545000 112021 .venv-cu130/lib/python3.12/site-packages/torch/_inductor/triton_bundler.py:247] [3/1] RuntimeError: ('Cubin file saved by TritonBundler not found at %s', '/workspace/repo/.inductor_cache_cu130/triton/1/O26BSTMBOLV4TIKE4VA6RZFCVAXPTD6ZLA3DQE66S3SXVJG6HLHQ/triton_tem_fused_convolution_permute_select_stack_view_17.cubin')
W1006 17:17:17.545000 112021 .venv-cu130/lib/python3.12/site-packages/torch/_inductor/triton_bundler.py:247] [3/1] Failed to reload cubin file statically launchable autotuner triton_poi_fused__unsafe_view_clone_convolution_permute_pixel_shuffle_select_slice_stack_view_18
W1006 17:17:17.545000 112021 .venv-cu130/lib/python3.12/site-packages/torch/_inductor/triton_bundler.py:247] [3/1] Traceback (most recent call last):
W1006 17:17:17.545000 112021 .venv-cu130/lib/python3.12/site-packages/torch/_inductor/triton_bundler.py:247] [3/1]   File "/workspace/repo/.venv-cu130/lib/python3.12/site-packages/torch/_inductor/triton_bundler.py", line 245, in load_autotuners
W1006 17:17:17.545000 112021 .venv-cu130/lib/python3.12/site-packages/torch/_inductor/triton_bundler.py:247] [3/1]     compile_result.reload_cubin_path()
W1006 17:17:17.545000 112021 .venv-cu130/lib/python3.12/site-packages/torch/_inductor/triton_bundler.py:247] [3/1]   File "/workspace/repo/.venv-cu130/lib/python3.12/site-packages/torch/_inductor/runtime/triton_heuristics.py", line 3037, in reload_cubin_path
W1006 17:17:17.545000 112021 .venv-cu130/lib/python3.12/site-packages/torch/_inductor/triton_bundler.py:247] [3/1]     raise RuntimeError(
W1006 17:17:17.545000 112021 .venv-cu130/lib/python3.12/site-packages/torch/_inductor/triton_bundler.py:247] [3/1] RuntimeError: ('Cubin file saved by TritonBundler not found at %s', '/workspace/repo/.inductor_cache_cu130/triton/1/7OXX55ZOMDOZGRKALCND5QIBGK6PZ6RPJAMRRDLZ2FR3ZPFUNG2Q/triton_poi_fused__unsafe_view_clone_convolution_permute_pixel_shuffle_select_slice_stack_view_18.cubin')
W1006 17:17:17.546000 112021 .venv-cu130/lib/python3.12/site-packages/torch/_inductor/triton_bundler.py:247] [3/1] Failed to reload cubin file statically launchable autotuner triton_per_fused__to_copy__unsafe_view_add_clamp_min_clone_div_expand_linalg_vector_norm_mul_permute_pixel_shuffle_silu_stack_view_19
W1006 17:17:17.546000 112021 .venv-cu130/lib/python3.12/site-packages/torch/_inductor/triton_bundler.py:247] [3/1] Traceback (most recent call last):
W1006 17:17:17.546000 112021 .venv-cu130/lib/python3.12/site-packages/torch/_inductor/triton_bundler.py:247] [3/1]   File "/workspace/repo/.venv-cu130/lib/python3.12/site-packages/torch/_inductor/triton_bundler.py", line 245, in load_autotuners
W1006 17:17:17.546000 112021 .venv-cu130/lib/python3.12/site-packages/torch/_inductor/triton_bundler.py:247] [3/1]     compile_result.reload_cubin_path()
W1006 17:17:17.546000 112021 .venv-cu130/lib/python3.12/site-packages/torch/_inductor/triton_bundler.py:247] [3/1]   File "/workspace/repo/.venv-cu130/lib/python3.12/site-packages/torch/_inductor/runtime/triton_heuristics.py", line 3037, in reload_cubin_path
W1006 17:17:17.546000 112021 .venv-cu130/lib/python3.12/site-packages/torch/_inductor/triton_bundler.py:247] [3/1]     raise RuntimeError(
W1006 17:17:17.546000 112021 .venv-cu130/lib/python3.12/site-packages/torch/_inductor/triton_bundler.py:247] [3/1] RuntimeError: ('Cubin file saved by TritonBundler not found at %s', '/workspace/repo/.inductor_cache_cu130/triton/1/6GBNXVGNYDVBPCAJFR7NZOCQBDXX2T756QWFK45N4VE7MPHDZN3A/triton_per_fused__to_copy__unsafe_view_add_clamp_min_clone_div_expand_linalg_vector_norm_mul_permute_pixel_shuffle_silu_stack_view_19.cubin')
W1006 17:17:17.546000 112021 .venv-cu130/lib/python3.12/site-packages/torch/_inductor/triton_bundler.py:247] [3/1] Failed to reload cubin file statically launchable autotuner triton_poi_fused__unsafe_view_clone_convolution_permute_pixel_shuffle_stack_view_20
W1006 17:17:17.546000 112021 .venv-cu130/lib/python3.12/site-packages/torch/_inductor/triton_bundler.py:247] [3/1] Traceback (most recent call last):
W1006 17:17:17.546000 112021 .venv-cu130/lib/python3.12/site-packages/torch/_inductor/triton_bundler.py:247] [3/1]   File "/workspace/repo/.venv-cu130/lib/python3.12/site-packages/torch/_inductor/triton_bundler.py", line 245, in load_autotuners
W1006 17:17:17.546000 112021 .venv-cu130/lib/python3.12/site-packages/torch/_inductor/triton_bundler.py:247] [3/1]     compile_result.reload_cubin_path()
W1006 17:17:17.546000 112021 .venv-cu130/lib/python3.12/site-packages/torch/_inductor/triton_bundler.py:247] [3/1]   File "/workspace/repo/.venv-cu130/lib/python3.12/site-packages/torch/_inductor/runtime/triton_heuristics.py", line 3037, in reload_cubin_path
W1006 17:17:17.546000 112021 .venv-cu130/lib/python3.12/site-packages/torch/_inductor/triton_bundler.py:247] [3/1]     raise RuntimeError(
W1006 17:17:17.546000 112021 .venv-cu130/lib/python3.12/site-packages/torch/_inductor/triton_bundler.py:247] [3/1] RuntimeError: ('Cubin file saved by TritonBundler not found at %s', '/workspace/repo/.inductor_cache_cu130/triton/1/DSDCJOQIPU4PLF6KW37RG5LLWY2LDXLXJ23Z7VC46ZHMS3VUYKSQ/triton_poi_fused__unsafe_view_clone_convolution_permute_pixel_shuffle_stack_view_20.cubin')
W1006 17:17:17.546000 112021 .venv-cu130/lib/python3.12/site-packages/torch/_inductor/triton_bundler.py:247] [3/1] Failed to reload cubin file statically launchable autotuner triton_poi_fused__to_copy__unsafe_view_add_cat_clamp_min_clone_div_expand_linalg_vector_norm_mul_permute_pixel_shuffle_silu_stack_view_21
W1006 17:17:17.546000 112021 .venv-cu130/lib/python3.12/site-packages/torch/_inductor/triton_bundler.py:247] [3/1] Traceback (most recent call last):
W1006 17:17:17.546000 112021 .venv-cu130/lib/python3.12/site-packages/torch/_inductor/triton_bundler.py:247] [3/1]   File "/workspace/repo/.venv-cu130/lib/python3.12/site-packages/torch/_inductor/triton_bundler.py", line 245, in load_autotuners
W1006 17:17:17.546000 112021 .venv-cu130/lib/python3.12/site-packages/torch/_inductor/triton_bundler.py:247] [3/1]     compile_result.reload_cubin_path()
W1006 17:17:17.546000 112021 .venv-cu130/lib/python3.12/site-packages/torch/_inductor/triton_bundler.py:247] [3/1]   File "/workspace/repo/.venv-cu130/lib/python3.12/site-packages/torch/_inductor/runtime/triton_heuristics.py", line 3037, in reload_cubin_path
W1006 17:17:17.546000 112021 .venv-cu130/lib/python3.12/site-packages/torch/_inductor/triton_bundler.py:247] [3/1]     raise RuntimeError(
W1006 17:17:17.546000 112021 .venv-cu130/lib/python3.12/site-packages/torch/_inductor/triton_bundler.py:247] [3/1] RuntimeError: ('Cubin file saved by TritonBundler not found at %s', '/workspace/repo/.inductor_cache_cu130/triton/1/2VKQSZ74BXOPIEPDJ245EZVCFTMECRX7IU2L3AQY5W6A7PATD73Q/triton_poi_fused__to_copy__unsafe_view_add_cat_clamp_min_clone_div_expand_linalg_vector_norm_mul_permute_pixel_shuffle_silu_stack_view_21.cubin')
W1006 17:17:17.547000 112021 .venv-cu130/lib/python3.12/site-packages/torch/_inductor/triton_bundler.py:247] [3/1] Failed to reload cubin file statically launchable autotuner triton_tem_fused__unsafe_view_clone_convolution_permute_pixel_shuffle_stack_view_22
W1006 17:17:17.547000 112021 .venv-cu130/lib/python3.12/site-packages/torch/_inductor/triton_bundler.py:247] [3/1] Traceback (most recent call last):
W1006 17:17:17.547000 112021 .venv-cu130/lib/python3.12/site-packages/torch/_inductor/triton_bundler.py:247] [3/1]   File "/workspace/repo/.venv-cu130/lib/python3.12/site-packages/torch/_inductor/triton_bundler.py", line 245, in load_autotuners
W1006 17:17:17.547000 112021 .venv-cu130/lib/python3.12/site-packages/torch/_inductor/triton_bundler.py:247] [3/1]     compile_result.reload_cubin_path()
W1006 17:17:17.547000 112021 .venv-cu130/lib/python3.12/site-packages/torch/_inductor/triton_bundler.py:247] [3/1]   File "/workspace/repo/.venv-cu130/lib/python3.12/site-packages/torch/_inductor/runtime/triton_heuristics.py", line 3037, in reload_cubin_path
W1006 17:17:17.547000 112021 .venv-cu130/lib/python3.12/site-packages/torch/_inductor/triton_bundler.py:247] [3/1]     raise RuntimeError(
W1006 17:17:17.547000 112021 .venv-cu130/lib/python3.12/site-packages/torch/_inductor/triton_bundler.py:247] [3/1] RuntimeError: ('Cubin file saved by TritonBundler not found at %s', '/workspace/repo/.inductor_cache_cu130/triton/1/WZH7TB4NHENVPCSEXKBV4P33PNMYJIMEHUC7QDMGN27NWZY6BYMA/triton_tem_fused__unsafe_view_clone_convolution_permute_pixel_shuffle_stack_view_22.cubin')
W1006 17:17:17.547000 112021 .venv-cu130/lib/python3.12/site-packages/torch/_inductor/triton_bundler.py:247] [3/1] Failed to reload cubin file statically launchable autotuner triton_poi_fused_clone_slice_23
W1006 17:17:17.547000 112021 .venv-cu130/lib/python3.12/site-packages/torch/_inductor/triton_bundler.py:247] [3/1] Traceback (most recent call last):
W1006 17:17:17.547000 112021 .venv-cu130/lib/python3.12/site-packages/torch/_inductor/triton_bundler.py:247] [3/1]   File "/workspace/repo/.venv-cu130/lib/python3.12/site-packages/torch/_inductor/triton_bundler.py", line 245, in load_autotuners
W1006 17:17:17.547000 112021 .venv-cu130/lib/python3.12/site-packages/torch/_inductor/triton_bundler.py:247] [3/1]     compile_result.reload_cubin_path()
W1006 17:17:17.547000 112021 .venv-cu130/lib/python3.12/site-packages/torch/_inductor/triton_bundler.py:247] [3/1]   File "/workspace/repo/.venv-cu130/lib/python3.12/site-packages/torch/_inductor/runtime/triton_heuristics.py", line 3037, in reload_cubin_path
W1006 17:17:17.547000 112021 .venv-cu130/lib/python3.12/site-packages/torch/_inductor/triton_bundler.py:247] [3/1]     raise RuntimeError(
W1006 17:17:17.547000 112021 .venv-cu130/lib/python3.12/site-packages/torch/_inductor/triton_bundler.py:247] [3/1] RuntimeError: ('Cubin file saved by TritonBundler not found at %s', '/workspace/repo/.inductor_cache_cu130/triton/1/4SF3KZNJ77LSJUISM6PNWYRCXXIXRWDEXHBUFAEPX5BEEVRNK7ZQ/triton_poi_fused_clone_slice_23.cubin')
W1006 17:17:17.547000 112021 .venv-cu130/lib/python3.12/site-packages/torch/_inductor/triton_bundler.py:247] [3/1] Failed to reload cubin file statically launchable autotuner triton_per_fused__to_copy_add_clamp_min_convolution_div_expand_linalg_vector_norm_mul_silu_24
W1006 17:17:17.547000 112021 .venv-cu130/lib/python3.12/site-packages/torch/_inductor/triton_bundler.py:247] [3/1] Traceback (most recent call last):
W1006 17:17:17.547000 112021 .venv-cu130/lib/python3.12/site-packages/torch/_inductor/triton_bundler.py:247] [3/1]   File "/workspace/repo/.venv-cu130/lib/python3.12/site-packages/torch/_inductor/triton_bundler.py", line 245, in load_autotuners
W1006 17:17:17.547000 112021 .venv-cu130/lib/python3.12/site-packages/torch/_inductor/triton_bundler.py:247] [3/1]     compile_result.reload_cubin_path()
W1006 17:17:17.547000 112021 .venv-cu130/lib/python3.12/site-packages/torch/_inductor/triton_bundler.py:247] [3/1]   File "/workspace/repo/.venv-cu130/lib/python3.12/site-packages/torch/_inductor/runtime/triton_heuristics.py", line 3037, in reload_cubin_path
W1006 17:17:17.547000 112021 .venv-cu130/lib/python3.12/site-packages/torch/_inductor/triton_bundler.py:247] [3/1]     raise RuntimeError(
W1006 17:17:17.547000 112021 .venv-cu130/lib/python3.12/site-packages/torch/_inductor/triton_bundler.py:247] [3/1] RuntimeError: ('Cubin file saved by TritonBundler not found at %s', '/workspace/repo/.inductor_cache_cu130/triton/1/ASJ6NS4VH2WGUG3IO4MPKDLBIR26YEGSDPWAGRK4RWF6QPOA3BTQ/triton_per_fused__to_copy_add_clamp_min_convolution_div_expand_linalg_vector_norm_mul_silu_24.cubin')
W1006 17:17:17.547000 112021 .venv-cu130/lib/python3.12/site-packages/torch/_inductor/triton_bundler.py:247] [3/1] Failed to reload cubin file statically launchable autotuner triton_poi_fused__to_copy_add_cat_clamp_min_convolution_div_expand_linalg_vector_norm_mul_silu_25
W1006 17:17:17.547000 112021 .venv-cu130/lib/python3.12/site-packages/torch/_inductor/triton_bundler.py:247] [3/1] Traceback (most recent call last):
W1006 17:17:17.547000 112021 .venv-cu130/lib/python3.12/site-packages/torch/_inductor/triton_bundler.py:247] [3/1]   File "/workspace/repo/.venv-cu130/lib/python3.12/site-packages/torch/_inductor/triton_bundler.py", line 245, in load_autotuners
W1006 17:17:17.547000 112021 .venv-cu130/lib/python3.12/site-packages/torch/_inductor/triton_bundler.py:247] [3/1]     compile_result.reload_cubin_path()
W1006 17:17:17.547000 112021 .venv-cu130/lib/python3.12/site-packages/torch/_inductor/triton_bundler.py:247] [3/1]   File "/workspace/repo/.venv-cu130/lib/python3.12/site-packages/torch/_inductor/runtime/triton_heuristics.py", line 3037, in reload_cubin_path
W1006 17:17:17.547000 112021 .venv-cu130/lib/python3.12/site-packages/torch/_inductor/triton_bundler.py:247] [3/1]     raise RuntimeError(
W1006 17:17:17.547000 112021 .venv-cu130/lib/python3.12/site-packages/torch/_inductor/triton_bundler.py:247] [3/1] RuntimeError: ('Cubin file saved by TritonBundler not found at %s', '/workspace/repo/.inductor_cache_cu130/triton/1/3M65PLDXAYLMSL2JZ7FUBLNA7ZA732OQ4FSOBM7UWAYHXKACHDIQ/triton_poi_fused__to_copy_add_cat_clamp_min_convolution_div_expand_linalg_vector_norm_mul_silu_25.cubin')
W1006 17:17:17.548000 112021 .venv-cu130/lib/python3.12/site-packages/torch/_inductor/triton_bundler.py:247] [3/1] Failed to reload cubin file statically launchable autotuner triton_poi_fused_clone_slice_26
W1006 17:17:17.548000 112021 .venv-cu130/lib/python3.12/site-packages/torch/_inductor/triton_bundler.py:247] [3/1] Traceback (most recent call last):
W1006 17:17:17.548000 112021 .venv-cu130/lib/python3.12/site-packages/torch/_inductor/triton_bundler.py:247] [3/1]   File "/workspace/repo/.venv-cu130/lib/python3.12/site-packages/torch/_inductor/triton_bundler.py", line 245, in load_autotuners
W1006 17:17:17.548000 112021 .venv-cu130/lib/python3.12/site-packages/torch/_inductor/triton_bundler.py:247] [3/1]     compile_result.reload_cubin_path()
W1006 17:17:17.548000 112021 .venv-cu130/lib/python3.12/site-packages/torch/_inductor/triton_bundler.py:247] [3/1]   File "/workspace/repo/.venv-cu130/lib/python3.12/site-packages/torch/_inductor/runtime/triton_heuristics.py", line 3037, in reload_cubin_path
W1006 17:17:17.548000 112021 .venv-cu130/lib/python3.12/site-packages/torch/_inductor/triton_bundler.py:247] [3/1]     raise RuntimeError(
W1006 17:17:17.548000 112021 .venv-cu130/lib/python3.12/site-packages/torch/_inductor/triton_bundler.py:247] [3/1] RuntimeError: ('Cubin file saved by TritonBundler not found at %s', '/workspace/repo/.inductor_cache_cu130/triton/1/RUVFCKQXSUICTATJWBJRKVVNLMEEI7HJHI4HQCRXCHGMXDGXQ54Q/triton_poi_fused_clone_slice_26.cubin')
W1006 17:17:17.548000 112021 .venv-cu130/lib/python3.12/site-packages/torch/_inductor/triton_bundler.py:247] [3/1] Failed to reload cubin file statically launchable autotuner triton_red_fused__to_copy__unsafe_view_add_clamp_min_clone_convolution_div_expand_linalg_vector_norm_mul_permute_pixel_shuffle_stack_view_27
W1006 17:17:17.548000 112021 .venv-cu130/lib/python3.12/site-packages/torch/_inductor/triton_bundler.py:247] [3/1] Traceback (most recent call last):
W1006 17:17:17.548000 112021 .venv-cu130/lib/python3.12/site-packages/torch/_inductor/triton_bundler.py:247] [3/1]   File "/workspace/repo/.venv-cu130/lib/python3.12/site-packages/torch/_inductor/triton_bundler.py", line 245, in load_autotuners
W1006 17:17:17.548000 112021 .venv-cu130/lib/python3.12/site-packages/torch/_inductor/triton_bundler.py:247] [3/1]     compile_result.reload_cubin_path()
W1006 17:17:17.548000 112021 .venv-cu130/lib/python3.12/site-packages/torch/_inductor/triton_bundler.py:247] [3/1]   File "/workspace/repo/.venv-cu130/lib/python3.12/site-packages/torch/_inductor/runtime/triton_heuristics.py", line 3037, in reload_cubin_path
W1006 17:17:17.548000 112021 .venv-cu130/lib/python3.12/site-packages/torch/_inductor/triton_bundler.py:247] [3/1]     raise RuntimeError(
W1006 17:17:17.548000 112021 .venv-cu130/lib/python3.12/site-packages/torch/_inductor/triton_bundler.py:247] [3/1] RuntimeError: ('Cubin file saved by TritonBundler not found at %s', '/workspace/repo/.inductor_cache_cu130/triton/1/4CRRGH6W4FLQDUS2SGHJWE5DWFQYE6GBBUQIVMJMW5AJN4SN3QXA/triton_red_fused__to_copy__unsafe_view_add_clamp_min_clone_convolution_div_expand_linalg_vector_norm_mul_permute_pixel_shuffle_stack_view_27.cubin')
W1006 17:17:17.548000 112021 .venv-cu130/lib/python3.12/site-packages/torch/_inductor/triton_bundler.py:247] [3/1] Failed to reload cubin file statically launchable autotuner triton_poi_fused__to_copy_cat_silu_28
W1006 17:17:17.548000 112021 .venv-cu130/lib/python3.12/site-packages/torch/_inductor/triton_bundler.py:247] [3/1] Traceback (most recent call last):
W1006 17:17:17.548000 112021 .venv-cu130/lib/python3.12/site-packages/torch/_inductor/triton_bundler.py:247] [3/1]   File "/workspace/repo/.venv-cu130/lib/python3.12/site-packages/torch/_inductor/triton_bundler.py", line 245, in load_autotuners
W1006 17:17:17.548000 112021 .venv-cu130/lib/python3.12/site-packages/torch/_inductor/triton_bundler.py:247] [3/1]     compile_result.reload_cubin_path()
W1006 17:17:17.548000 112021 .venv-cu130/lib/python3.12/site-packages/torch/_inductor/triton_bundler.py:247] [3/1]   File "/workspace/repo/.venv-cu130/lib/python3.12/site-packages/torch/_inductor/runtime/triton_heuristics.py", line 3037, in reload_cubin_path
W1006 17:17:17.548000 112021 .venv-cu130/lib/python3.12/site-packages/torch/_inductor/triton_bundler.py:247] [3/1]     raise RuntimeError(
W1006 17:17:17.548000 112021 .venv-cu130/lib/python3.12/site-packages/torch/_inductor/triton_bundler.py:247] [3/1] RuntimeError: ('Cubin file saved by TritonBundler not found at %s', '/workspace/repo/.inductor_cache_cu130/triton/1/LPXZGO25YLMRMX5FGGC33KIFVFAOKCUW2O564RH3Z3JIDTZ6CPQA/triton_poi_fused__to_copy_cat_silu_28.cubin')
W1006 17:17:17.548000 112021 .venv-cu130/lib/python3.12/site-packages/torch/_inductor/triton_bundler.py:247] [3/1] Failed to reload cubin file statically launchable autotuner triton_red_fused__to_copy__unsafe_view_add_clamp_min_clone_convolution_div_expand_linalg_vector_norm_mul_permute_pixel_shuffle_silu_stack_view_29
W1006 17:17:17.548000 112021 .venv-cu130/lib/python3.12/site-packages/torch/_inductor/triton_bundler.py:247] [3/1] Traceback (most recent call last):
W1006 17:17:17.548000 112021 .venv-cu130/lib/python3.12/site-packages/torch/_inductor/triton_bundler.py:247] [3/1]   File "/workspace/repo/.venv-cu130/lib/python3.12/site-packages/torch/_inductor/triton_bundler.py", line 245, in load_autotuners
W1006 17:17:17.548000 112021 .venv-cu130/lib/python3.12/site-packages/torch/_inductor/triton_bundler.py:247] [3/1]     compile_result.reload_cubin_path()
W1006 17:17:17.548000 112021 .venv-cu130/lib/python3.12/site-packages/torch/_inductor/triton_bundler.py:247] [3/1]   File "/workspace/repo/.venv-cu130/lib/python3.12/site-packages/torch/_inductor/runtime/triton_heuristics.py", line 3037, in reload_cubin_path
W1006 17:17:17.548000 112021 .venv-cu130/lib/python3.12/site-packages/torch/_inductor/triton_bundler.py:247] [3/1]     raise RuntimeError(
W1006 17:17:17.548000 112021 .venv-cu130/lib/python3.12/site-packages/torch/_inductor/triton_bundler.py:247] [3/1] RuntimeError: ('Cubin file saved by TritonBundler not found at %s', '/workspace/repo/.inductor_cache_cu130/triton/1/CO4WXW2LXMN2GCYVWMUZTO7SPEXOICMYNSZLKXTIWGET4NBZKF5Q/triton_red_fused__to_copy__unsafe_view_add_clamp_min_clone_convolution_div_expand_linalg_vector_norm_mul_permute_pixel_shuffle_silu_stack_view_29.cubin')
W1006 17:17:17.549000 112021 .venv-cu130/lib/python3.12/site-packages/torch/_inductor/triton_bundler.py:247] [3/1] Failed to reload cubin file statically launchable autotuner triton_poi_fused_add_cat_convolution_30
W1006 17:17:17.549000 112021 .venv-cu130/lib/python3.12/site-packages/torch/_inductor/triton_bundler.py:247] [3/1] Traceback (most recent call last):
W1006 17:17:17.549000 112021 .venv-cu130/lib/python3.12/site-packages/torch/_inductor/triton_bundler.py:247] [3/1]   File "/workspace/repo/.venv-cu130/lib/python3.12/site-packages/torch/_inductor/triton_bundler.py", line 245, in load_autotuners
W1006 17:17:17.549000 112021 .venv-cu130/lib/python3.12/site-packages/torch/_inductor/triton_bundler.py:247] [3/1]     compile_result.reload_cubin_path()
W1006 17:17:17.549000 112021 .venv-cu130/lib/python3.12/site-packages/torch/_inductor/triton_bundler.py:247] [3/1]   File "/workspace/repo/.venv-cu130/lib/python3.12/site-packages/torch/_inductor/runtime/triton_heuristics.py", line 3037, in reload_cubin_path
W1006 17:17:17.549000 112021 .venv-cu130/lib/python3.12/site-packages/torch/_inductor/triton_bundler.py:247] [3/1]     raise RuntimeError(
W1006 17:17:17.549000 112021 .venv-cu130/lib/python3.12/site-packages/torch/_inductor/triton_bundler.py:247] [3/1] RuntimeError: ('Cubin file saved by TritonBundler not found at %s', '/workspace/repo/.inductor_cache_cu130/triton/1/U5TM5QOZWXSDUU5OCNMBJUQO234X6UF5UJICU6IEXDFP6K4NAQJQ/triton_poi_fused_add_cat_convolution_30.cubin')
W1006 17:17:17.549000 112021 .venv-cu130/lib/python3.12/site-packages/torch/_inductor/triton_bundler.py:247] [3/1] Failed to reload cubin file statically launchable autotuner triton_tem_fused_convolution_31
W1006 17:17:17.549000 112021 .venv-cu130/lib/python3.12/site-packages/torch/_inductor/triton_bundler.py:247] [3/1] Traceback (most recent call last):
W1006 17:17:17.549000 112021 .venv-cu130/lib/python3.12/site-packages/torch/_inductor/triton_bundler.py:247] [3/1]   File "/workspace/repo/.venv-cu130/lib/python3.12/site-packages/torch/_inductor/triton_bundler.py", line 245, in load_autotuners
W1006 17:17:17.549000 112021 .venv-cu130/lib/python3.12/site-packages/torch/_inductor/triton_bundler.py:247] [3/1]     compile_result.reload_cubin_path()
W1006 17:17:17.549000 112021 .venv-cu130/lib/python3.12/site-packages/torch/_inductor/triton_bundler.py:247] [3/1]   File "/workspace/repo/.venv-cu130/lib/python3.12/site-packages/torch/_inductor/runtime/triton_heuristics.py", line 3037, in reload_cubin_path
W1006 17:17:17.549000 112021 .venv-cu130/lib/python3.12/site-packages/torch/_inductor/triton_bundler.py:247] [3/1]     raise RuntimeError(
W1006 17:17:17.549000 112021 .venv-cu130/lib/python3.12/site-packages/torch/_inductor/triton_bundler.py:247] [3/1] RuntimeError: ('Cubin file saved by TritonBundler not found at %s', '/workspace/repo/.inductor_cache_cu130/triton/1/GE6TDXKNBXDYIANZWTY4TVOEM7J7YOQBSWM4UFD7V3UBYZWGGP4Q/triton_tem_fused_convolution_31.cubin')
W1006 17:17:17.549000 112021 .venv-cu130/lib/python3.12/site-packages/torch/_inductor/triton_bundler.py:247] [3/1] Failed to reload cubin file statically launchable autotuner triton_poi_fused_convolution_select_stack_view_32
W1006 17:17:17.549000 112021 .venv-cu130/lib/python3.12/site-packages/torch/_inductor/triton_bundler.py:247] [3/1] Traceback (most recent call last):
W1006 17:17:17.549000 112021 .venv-cu130/lib/python3.12/site-packages/torch/_inductor/triton_bundler.py:247] [3/1]   File "/workspace/repo/.venv-cu130/lib/python3.12/site-packages/torch/_inductor/triton_bundler.py", line 245, in load_autotuners
W1006 17:17:17.549000 112021 .venv-cu130/lib/python3.12/site-packages/torch/_inductor/triton_bundler.py:247] [3/1]     compile_result.reload_cubin_path()
W1006 17:17:17.549000 112021 .venv-cu130/lib/python3.12/site-packages/torch/_inductor/triton_bundler.py:247] [3/1]   File "/workspace/repo/.venv-cu130/lib/python3.12/site-packages/torch/_inductor/runtime/triton_heuristics.py", line 3037, in reload_cubin_path
W1006 17:17:17.549000 112021 .venv-cu130/lib/python3.12/site-packages/torch/_inductor/triton_bundler.py:247] [3/1]     raise RuntimeError(
W1006 17:17:17.549000 112021 .venv-cu130/lib/python3.12/site-packages/torch/_inductor/triton_bundler.py:247] [3/1] RuntimeError: ('Cubin file saved by TritonBundler not found at %s', '/workspace/repo/.inductor_cache_cu130/triton/1/542ABZF45L4GQDHDLEI7VDLRGIK6BESLXODQZFJKUUDNHF3OVNDA/triton_poi_fused_convolution_select_stack_view_32.cubin')
W1006 17:17:17.550000 112021 .venv-cu130/lib/python3.12/site-packages/torch/_inductor/triton_bundler.py:247] [3/1] Failed to reload cubin file statically launchable autotuner triton_poi_fused__to_copy__unsafe_view_add_cat_clamp_min_clone_div_expand_linalg_vector_norm_mul_permute_pixel_shuffle_silu_stack_view_33
W1006 17:17:17.550000 112021 .venv-cu130/lib/python3.12/site-packages/torch/_inductor/triton_bundler.py:247] [3/1] Traceback (most recent call last):
W1006 17:17:17.550000 112021 .venv-cu130/lib/python3.12/site-packages/torch/_inductor/triton_bundler.py:247] [3/1]   File "/workspace/repo/.venv-cu130/lib/python3.12/site-packages/torch/_inductor/triton_bundler.py", line 245, in load_autotuners
W1006 17:17:17.550000 112021 .venv-cu130/lib/python3.12/site-packages/torch/_inductor/triton_bundler.py:247] [3/1]     compile_result.reload_cubin_path()
W1006 17:17:17.550000 112021 .venv-cu130/lib/python3.12/site-packages/torch/_inductor/triton_bundler.py:247] [3/1]   File "/workspace/repo/.venv-cu130/lib/python3.12/site-packages/torch/_inductor/runtime/triton_heuristics.py", line 3037, in reload_cubin_path
W1006 17:17:17.550000 112021 .venv-cu130/lib/python3.12/site-packages/torch/_inductor/triton_bundler.py:247] [3/1]     raise RuntimeError(
W1006 17:17:17.550000 112021 .venv-cu130/lib/python3.12/site-packages/torch/_inductor/triton_bundler.py:247] [3/1] RuntimeError: ('Cubin file saved by TritonBundler not found at %s', '/workspace/repo/.inductor_cache_cu130/triton/1/GJD4GWKDBF55BAZZCC6Q3YFJTEV6P66734JPO3CTQDGJQBTGGZJA/triton_poi_fused__to_copy__unsafe_view_add_cat_clamp_min_clone_div_expand_linalg_vector_norm_mul_permute_pixel_shuffle_silu_stack_view_33.cubin')
W1006 17:17:17.550000 112021 .venv-cu130/lib/python3.12/site-packages/torch/_inductor/triton_bundler.py:247] [3/1] Failed to reload cubin file statically launchable autotuner triton_tem_fused_convolution_permute_select_stack_view_34
W1006 17:17:17.550000 112021 .venv-cu130/lib/python3.12/site-packages/torch/_inductor/triton_bundler.py:247] [3/1] Traceback (most recent call last):
W1006 17:17:17.550000 112021 .venv-cu130/lib/python3.12/site-packages/torch/_inductor/triton_bundler.py:247] [3/1]   File "/workspace/repo/.venv-cu130/lib/python3.12/site-packages/torch/_inductor/triton_bundler.py", line 245, in load_autotuners
W1006 17:17:17.550000 112021 .venv-cu130/lib/python3.12/site-packages/torch/_inductor/triton_bundler.py:247] [3/1]     compile_result.reload_cubin_path()
W1006 17:17:17.550000 112021 .venv-cu130/lib/python3.12/site-packages/torch/_inductor/triton_bundler.py:247] [3/1]   File "/workspace/repo/.venv-cu130/lib/python3.12/site-packages/torch/_inductor/runtime/triton_heuristics.py", line 3037, in reload_cubin_path
W1006 17:17:17.550000 112021 .venv-cu130/lib/python3.12/site-packages/torch/_inductor/triton_bundler.py:247] [3/1]     raise RuntimeError(
W1006 17:17:17.550000 112021 .venv-cu130/lib/python3.12/site-packages/torch/_inductor/triton_bundler.py:247] [3/1] RuntimeError: ('Cubin file saved by TritonBundler not found at %s', '/workspace/repo/.inductor_cache_cu130/triton/1/SSMWEVTC6N45G5B5Z375CDF5LBA25NRZ4IT6C6ZYK7SYMNPD3KOQ/triton_tem_fused_convolution_permute_select_stack_view_34.cubin')
W1006 17:17:17.550000 112021 .venv-cu130/lib/python3.12/site-packages/torch/_inductor/triton_bundler.py:247] [3/1] Failed to reload cubin file statically launchable autotuner triton_poi_fused_convolution_permute_select_slice_stack_view_35
W1006 17:17:17.550000 112021 .venv-cu130/lib/python3.12/site-packages/torch/_inductor/triton_bundler.py:247] [3/1] Traceback (most recent call last):
W1006 17:17:17.550000 112021 .venv-cu130/lib/python3.12/site-packages/torch/_inductor/triton_bundler.py:247] [3/1]   File "/workspace/repo/.venv-cu130/lib/python3.12/site-packages/torch/_inductor/triton_bundler.py", line 245, in load_autotuners
W1006 17:17:17.550000 112021 .venv-cu130/lib/python3.12/site-packages/torch/_inductor/triton_bundler.py:247] [3/1]     compile_result.reload_cubin_path()
W1006 17:17:17.550000 112021 .venv-cu130/lib/python3.12/site-packages/torch/_inductor/triton_bundler.py:247] [3/1]   File "/workspace/repo/.venv-cu130/lib/python3.12/site-packages/torch/_inductor/runtime/triton_heuristics.py", line 3037, in reload_cubin_path
W1006 17:17:17.550000 112021 .venv-cu130/lib/python3.12/site-packages/torch/_inductor/triton_bundler.py:247] [3/1]     raise RuntimeError(
W1006 17:17:17.550000 112021 .venv-cu130/lib/python3.12/site-packages/torch/_inductor/triton_bundler.py:247] [3/1] RuntimeError: ('Cubin file saved by TritonBundler not found at %s', '/workspace/repo/.inductor_cache_cu130/triton/1/GDQJ5X57MIKJCITRFGRWJOJWVRY54UYPBVBZQAZQ3VUPTEP7D6CQ/triton_poi_fused_convolution_permute_select_slice_stack_view_35.cubin')
W1006 17:17:17.551000 112021 .venv-cu130/lib/python3.12/site-packages/torch/_inductor/triton_bundler.py:247] [3/1] Failed to reload cubin file statically launchable autotuner triton_per_fused__to_copy__unsafe_view_add_clamp_min_clone_div_expand_linalg_vector_norm_mul_permute_pixel_shuffle_silu_stack_view_36
W1006 17:17:17.551000 112021 .venv-cu130/lib/python3.12/site-packages/torch/_inductor/triton_bundler.py:247] [3/1] Traceback (most recent call last):
W1006 17:17:17.551000 112021 .venv-cu130/lib/python3.12/site-packages/torch/_inductor/triton_bundler.py:247] [3/1]   File "/workspace/repo/.venv-cu130/lib/python3.12/site-packages/torch/_inductor/triton_bundler.py", line 245, in load_autotuners
W1006 17:17:17.551000 112021 .venv-cu130/lib/python3.12/site-packages/torch/_inductor/triton_bundler.py:247] [3/1]     compile_result.reload_cubin_path()
W1006 17:17:17.551000 112021 .venv-cu130/lib/python3.12/site-packages/torch/_inductor/triton_bundler.py:247] [3/1]   File "/workspace/repo/.venv-cu130/lib/python3.12/site-packages/torch/_inductor/runtime/triton_heuristics.py", line 3037, in reload_cubin_path
W1006 17:17:17.551000 112021 .venv-cu130/lib/python3.12/site-packages/torch/_inductor/triton_bundler.py:247] [3/1]     raise RuntimeError(
W1006 17:17:17.551000 112021 .venv-cu130/lib/python3.12/site-packages/torch/_inductor/triton_bundler.py:247] [3/1] RuntimeError: ('Cubin file saved by TritonBundler not found at %s', '/workspace/repo/.inductor_cache_cu130/triton/1/IPFRVWGEXQ57UZRZLHLH5VXMZAM7WXKLG3JUWKQ55GCAFNQZJSSA/triton_per_fused__to_copy__unsafe_view_add_clamp_min_clone_div_expand_linalg_vector_norm_mul_permute_pixel_shuffle_silu_stack_view_36.cubin')
W1006 17:17:17.551000 112021 .venv-cu130/lib/python3.12/site-packages/torch/_inductor/triton_bundler.py:247] [3/1] Failed to reload cubin file statically launchable autotuner triton_poi_fused_clone_slice_37
W1006 17:17:17.551000 112021 .venv-cu130/lib/python3.12/site-packages/torch/_inductor/triton_bundler.py:247] [3/1] Traceback (most recent call last):
W1006 17:17:17.551000 112021 .venv-cu130/lib/python3.12/site-packages/torch/_inductor/triton_bundler.py:247] [3/1]   File "/workspace/repo/.venv-cu130/lib/python3.12/site-packages/torch/_inductor/triton_bundler.py", line 245, in load_autotuners
W1006 17:17:17.551000 112021 .venv-cu130/lib/python3.12/site-packages/torch/_inductor/triton_bundler.py:247] [3/1]     compile_result.reload_cubin_path()
W1006 17:17:17.551000 112021 .venv-cu130/lib/python3.12/site-packages/torch/_inductor/triton_bundler.py:247] [3/1]   File "/workspace/repo/.venv-cu130/lib/python3.12/site-packages/torch/_inductor/runtime/triton_heuristics.py", line 3037, in reload_cubin_path
W1006 17:17:17.551000 112021 .venv-cu130/lib/python3.12/site-packages/torch/_inductor/triton_bundler.py:247] [3/1]     raise RuntimeError(
W1006 17:17:17.551000 112021 .venv-cu130/lib/python3.12/site-packages/torch/_inductor/triton_bundler.py:247] [3/1] RuntimeError: ('Cubin file saved by TritonBundler not found at %s', '/workspace/repo/.inductor_cache_cu130/triton/1/XFZIFAVVIOA4LNF3LHT2PTU7RV3AVVTDXFRMVNP6N35YKFPVJRYQ/triton_poi_fused_clone_slice_37.cubin')
W1006 17:17:17.551000 112021 .venv-cu130/lib/python3.12/site-packages/torch/_inductor/triton_bundler.py:247] [3/1] Failed to reload cubin file statically launchable autotuner triton_tem_fused_convolution_38
W1006 17:17:17.551000 112021 .venv-cu130/lib/python3.12/site-packages/torch/_inductor/triton_bundler.py:247] [3/1] Traceback (most recent call last):
W1006 17:17:17.551000 112021 .venv-cu130/lib/python3.12/site-packages/torch/_inductor/triton_bundler.py:247] [3/1]   File "/workspace/repo/.venv-cu130/lib/python3.12/site-packages/torch/_inductor/triton_bundler.py", line 245, in load_autotuners
W1006 17:17:17.551000 112021 .venv-cu130/lib/python3.12/site-packages/torch/_inductor/triton_bundler.py:247] [3/1]     compile_result.reload_cubin_path()
W1006 17:17:17.551000 112021 .venv-cu130/lib/python3.12/site-packages/torch/_inductor/triton_bundler.py:247] [3/1]   File "/workspace/repo/.venv-cu130/lib/python3.12/site-packages/torch/_inductor/runtime/triton_heuristics.py", line 3037, in reload_cubin_path
W1006 17:17:17.551000 112021 .venv-cu130/lib/python3.12/site-packages/torch/_inductor/triton_bundler.py:247] [3/1]     raise RuntimeError(
W1006 17:17:17.551000 112021 .venv-cu130/lib/python3.12/site-packages/torch/_inductor/triton_bundler.py:247] [3/1] RuntimeError: ('Cubin file saved by TritonBundler not found at %s', '/workspace/repo/.inductor_cache_cu130/triton/1/C6OTUXBXU7F2ZZKCNFKGIXMKUEXBDKT2IR7DSOMIUCZWLEY5X2SQ/triton_tem_fused_convolution_38.cubin')
W1006 17:17:17.551000 112021 .venv-cu130/lib/python3.12/site-packages/torch/_inductor/triton_bundler.py:247] [3/1] Failed to reload cubin file statically launchable autotuner triton_per_fused__to_copy_add_clamp_min_convolution_div_expand_linalg_vector_norm_mul_silu_39
W1006 17:17:17.551000 112021 .venv-cu130/lib/python3.12/site-packages/torch/_inductor/triton_bundler.py:247] [3/1] Traceback (most recent call last):
W1006 17:17:17.551000 112021 .venv-cu130/lib/python3.12/site-packages/torch/_inductor/triton_bundler.py:247] [3/1]   File "/workspace/repo/.venv-cu130/lib/python3.12/site-packages/torch/_inductor/triton_bundler.py", line 245, in load_autotuners
W1006 17:17:17.551000 112021 .venv-cu130/lib/python3.12/site-packages/torch/_inductor/triton_bundler.py:247] [3/1]     compile_result.reload_cubin_path()
W1006 17:17:17.551000 112021 .venv-cu130/lib/python3.12/site-packages/torch/_inductor/triton_bundler.py:247] [3/1]   File "/workspace/repo/.venv-cu130/lib/python3.12/site-packages/torch/_inductor/runtime/triton_heuristics.py", line 3037, in reload_cubin_path
W1006 17:17:17.551000 112021 .venv-cu130/lib/python3.12/site-packages/torch/_inductor/triton_bundler.py:247] [3/1]     raise RuntimeError(
W1006 17:17:17.551000 112021 .venv-cu130/lib/python3.12/site-packages/torch/_inductor/triton_bundler.py:247] [3/1] RuntimeError: ('Cubin file saved by TritonBundler not found at %s', '/workspace/repo/.inductor_cache_cu130/triton/1/5H4PRAMZ2HKIUWJ2FDOWBJJA4REBML5EOGDJI2OZDAFFQ7VE767A/triton_per_fused__to_copy_add_clamp_min_convolution_div_expand_linalg_vector_norm_mul_silu_39.cubin')
W1006 17:17:17.552000 112021 .venv-cu130/lib/python3.12/site-packages/torch/_inductor/triton_bundler.py:247] [3/1] Failed to reload cubin file statically launchable autotuner triton_poi_fused__to_copy__unsafe_view_add_cat_clamp_min_clone_div_expand_linalg_vector_norm_mul_permute_pixel_shuffle_silu_stack_view_40
W1006 17:17:17.552000 112021 .venv-cu130/lib/python3.12/site-packages/torch/_inductor/triton_bundler.py:247] [3/1] Traceback (most recent call last):
W1006 17:17:17.552000 112021 .venv-cu130/lib/python3.12/site-packages/torch/_inductor/triton_bundler.py:247] [3/1]   File "/workspace/repo/.venv-cu130/lib/python3.12/site-packages/torch/_inductor/triton_bundler.py", line 245, in load_autotuners
W1006 17:17:17.552000 112021 .venv-cu130/lib/python3.12/site-packages/torch/_inductor/triton_bundler.py:247] [3/1]     compile_result.reload_cubin_path()
W1006 17:17:17.552000 112021 .venv-cu130/lib/python3.12/site-packages/torch/_inductor/triton_bundler.py:247] [3/1]   File "/workspace/repo/.venv-cu130/lib/python3.12/site-packages/torch/_inductor/runtime/triton_heuristics.py", line 3037, in reload_cubin_path
W1006 17:17:17.552000 112021 .venv-cu130/lib/python3.12/site-packages/torch/_inductor/triton_bundler.py:247] [3/1]     raise RuntimeError(
W1006 17:17:17.552000 112021 .venv-cu130/lib/python3.12/site-packages/torch/_inductor/triton_bundler.py:247] [3/1] RuntimeError: ('Cubin file saved by TritonBundler not found at %s', '/workspace/repo/.inductor_cache_cu130/triton/1/POZRZON64D3NAZGSTMYM6BEKLZQKBOF27EJMPURGQEYQWMBTVZ6Q/triton_poi_fused__to_copy__unsafe_view_add_cat_clamp_min_clone_div_expand_linalg_vector_norm_mul_permute_pixel_shuffle_silu_stack_view_40.cubin')
W1006 17:17:17.552000 112021 .venv-cu130/lib/python3.12/site-packages/torch/_inductor/triton_bundler.py:247] [3/1] Failed to reload cubin file statically launchable autotuner triton_per_fused__to_copy__unsafe_view_add_clamp_min_clone_convolution_div_expand_linalg_vector_norm_mul_permute_pixel_shuffle_stack_view_41
W1006 17:17:17.552000 112021 .venv-cu130/lib/python3.12/site-packages/torch/_inductor/triton_bundler.py:247] [3/1] Traceback (most recent call last):
W1006 17:17:17.552000 112021 .venv-cu130/lib/python3.12/site-packages/torch/_inductor/triton_bundler.py:247] [3/1]   File "/workspace/repo/.venv-cu130/lib/python3.12/site-packages/torch/_inductor/triton_bundler.py", line 245, in load_autotuners
W1006 17:17:17.552000 112021 .venv-cu130/lib/python3.12/site-packages/torch/_inductor/triton_bundler.py:247] [3/1]     compile_result.reload_cubin_path()
W1006 17:17:17.552000 112021 .venv-cu130/lib/python3.12/site-packages/torch/_inductor/triton_bundler.py:247] [3/1]   File "/workspace/repo/.venv-cu130/lib/python3.12/site-packages/torch/_inductor/runtime/triton_heuristics.py", line 3037, in reload_cubin_path
W1006 17:17:17.552000 112021 .venv-cu130/lib/python3.12/site-packages/torch/_inductor/triton_bundler.py:247] [3/1]     raise RuntimeError(
W1006 17:17:17.552000 112021 .venv-cu130/lib/python3.12/site-packages/torch/_inductor/triton_bundler.py:247] [3/1] RuntimeError: ('Cubin file saved by TritonBundler not found at %s', '/workspace/repo/.inductor_cache_cu130/triton/1/ACCIAQE4KWIDYLB5V2HKSET64NAMPP3JLI64WWI6IUADH5IWW3OA/triton_per_fused__to_copy__unsafe_view_add_clamp_min_clone_convolution_div_expand_linalg_vector_norm_mul_permute_pixel_shuffle_stack_view_41.cubin')
W1006 17:17:17.552000 112021 .venv-cu130/lib/python3.12/site-packages/torch/_inductor/triton_bundler.py:247] [3/1] Failed to reload cubin file statically launchable autotuner triton_poi_fused__to_copy_cat_silu_42
W1006 17:17:17.552000 112021 .venv-cu130/lib/python3.12/site-packages/torch/_inductor/triton_bundler.py:247] [3/1] Traceback (most recent call last):
W1006 17:17:17.552000 112021 .venv-cu130/lib/python3.12/site-packages/torch/_inductor/triton_bundler.py:247] [3/1]   File "/workspace/repo/.venv-cu130/lib/python3.12/site-packages/torch/_inductor/triton_bundler.py", line 245, in load_autotuners
W1006 17:17:17.552000 112021 .venv-cu130/lib/python3.12/site-packages/torch/_inductor/triton_bundler.py:247] [3/1]     compile_result.reload_cubin_path()
W1006 17:17:17.552000 112021 .venv-cu130/lib/python3.12/site-packages/torch/_inductor/triton_bundler.py:247] [3/1]   File "/workspace/repo/.venv-cu130/lib/python3.12/site-packages/torch/_inductor/runtime/triton_heuristics.py", line 3037, in reload_cubin_path
W1006 17:17:17.552000 112021 .venv-cu130/lib/python3.12/site-packages/torch/_inductor/triton_bundler.py:247] [3/1]     raise RuntimeError(
W1006 17:17:17.552000 112021 .venv-cu130/lib/python3.12/site-packages/torch/_inductor/triton_bundler.py:247] [3/1] RuntimeError: ('Cubin file saved by TritonBundler not found at %s', '/workspace/repo/.inductor_cache_cu130/triton/1/OC552P6W7SM5FUM7E43UFCN5EBMTZNOKVVOGEOBVXO3T5XAXYDYQ/triton_poi_fused__to_copy_cat_silu_42.cubin')
W1006 17:17:17.552000 112021 .venv-cu130/lib/python3.12/site-packages/torch/_inductor/triton_bundler.py:247] [3/1] Failed to reload cubin file statically launchable autotuner triton_per_fused__to_copy__unsafe_view_add_clamp_min_clone_convolution_div_expand_linalg_vector_norm_mul_permute_pixel_shuffle_silu_stack_view_43
W1006 17:17:17.552000 112021 .venv-cu130/lib/python3.12/site-packages/torch/_inductor/triton_bundler.py:247] [3/1] Traceback (most recent call last):
W1006 17:17:17.552000 112021 .venv-cu130/lib/python3.12/site-packages/torch/_inductor/triton_bundler.py:247] [3/1]   File "/workspace/repo/.venv-cu130/lib/python3.12/site-packages/torch/_inductor/triton_bundler.py", line 245, in load_autotuners
W1006 17:17:17.552000 112021 .venv-cu130/lib/python3.12/site-packages/torch/_inductor/triton_bundler.py:247] [3/1]     compile_result.reload_cubin_path()
W1006 17:17:17.552000 112021 .venv-cu130/lib/python3.12/site-packages/torch/_inductor/triton_bundler.py:247] [3/1]   File "/workspace/repo/.venv-cu130/lib/python3.12/site-packages/torch/_inductor/runtime/triton_heuristics.py", line 3037, in reload_cubin_path
W1006 17:17:17.552000 112021 .venv-cu130/lib/python3.12/site-packages/torch/_inductor/triton_bundler.py:247] [3/1]     raise RuntimeError(
W1006 17:17:17.552000 112021 .venv-cu130/lib/python3.12/site-packages/torch/_inductor/triton_bundler.py:247] [3/1] RuntimeError: ('Cubin file saved by TritonBundler not found at %s', '/workspace/repo/.inductor_cache_cu130/triton/1/WJRSKEHBRO6MY2TZNF6WH5SKFWFI5KXBBMPG5J5YLFX3TBXWMIDA/triton_per_fused__to_copy__unsafe_view_add_clamp_min_clone_convolution_div_expand_linalg_vector_norm_mul_permute_pixel_shuffle_silu_stack_view_43.cubin')
W1006 17:17:17.553000 112021 .venv-cu130/lib/python3.12/site-packages/torch/_inductor/triton_bundler.py:247] [3/1] Failed to reload cubin file statically launchable autotuner triton_poi_fused_add_convolution_44
W1006 17:17:17.553000 112021 .venv-cu130/lib/python3.12/site-packages/torch/_inductor/triton_bundler.py:247] [3/1] Traceback (most recent call last):
W1006 17:17:17.553000 112021 .venv-cu130/lib/python3.12/site-packages/torch/_inductor/triton_bundler.py:247] [3/1]   File "/workspace/repo/.venv-cu130/lib/python3.12/site-packages/torch/_inductor/triton_bundler.py", line 245, in load_autotuners
W1006 17:17:17.553000 112021 .venv-cu130/lib/python3.12/site-packages/torch/_inductor/triton_bundler.py:247] [3/1]     compile_result.reload_cubin_path()
W1006 17:17:17.553000 112021 .venv-cu130/lib/python3.12/site-packages/torch/_inductor/triton_bundler.py:247] [3/1]   File "/workspace/repo/.venv-cu130/lib/python3.12/site-packages/torch/_inductor/runtime/triton_heuristics.py", line 3037, in reload_cubin_path
W1006 17:17:17.553000 112021 .venv-cu130/lib/python3.12/site-packages/torch/_inductor/triton_bundler.py:247] [3/1]     raise RuntimeError(
W1006 17:17:17.553000 112021 .venv-cu130/lib/python3.12/site-packages/torch/_inductor/triton_bundler.py:247] [3/1] RuntimeError: ('Cubin file saved by TritonBundler not found at %s', '/workspace/repo/.inductor_cache_cu130/triton/1/HXYLEEMBFZ64CCA6TC6L25DROO4M626S47E5HMVHZCZSW7XJTPSQ/triton_poi_fused_add_convolution_44.cubin')
W1006 17:17:17.553000 112021 .venv-cu130/lib/python3.12/site-packages/torch/_inductor/triton_bundler.py:247] [3/1] Failed to reload cubin file statically launchable autotuner triton_tem_fused_add_convolution_permute_view_45
W1006 17:17:17.553000 112021 .venv-cu130/lib/python3.12/site-packages/torch/_inductor/triton_bundler.py:247] [3/1] Traceback (most recent call last):
W1006 17:17:17.553000 112021 .venv-cu130/lib/python3.12/site-packages/torch/_inductor/triton_bundler.py:247] [3/1]   File "/workspace/repo/.venv-cu130/lib/python3.12/site-packages/torch/_inductor/triton_bundler.py", line 245, in load_autotuners
W1006 17:17:17.553000 112021 .venv-cu130/lib/python3.12/site-packages/torch/_inductor/triton_bundler.py:247] [3/1]     compile_result.reload_cubin_path()
W1006 17:17:17.553000 112021 .venv-cu130/lib/python3.12/site-packages/torch/_inductor/triton_bundler.py:247] [3/1]   File "/workspace/repo/.venv-cu130/lib/python3.12/site-packages/torch/_inductor/runtime/triton_heuristics.py", line 3037, in reload_cubin_path
W1006 17:17:17.553000 112021 .venv-cu130/lib/python3.12/site-packages/torch/_inductor/triton_bundler.py:247] [3/1]     raise RuntimeError(
W1006 17:17:17.553000 112021 .venv-cu130/lib/python3.12/site-packages/torch/_inductor/triton_bundler.py:247] [3/1] RuntimeError: ('Cubin file saved by TritonBundler not found at %s', '/workspace/repo/.inductor_cache_cu130/triton/1/JWJQ3RZAHXAZVGNSKDAKXFFOHTL3CULPUG4AS3YL53XTLO4527KQ/triton_tem_fused_add_convolution_permute_view_45.cubin')
W1006 17:17:17.553000 112021 .venv-cu130/lib/python3.12/site-packages/torch/_inductor/triton_bundler.py:247] [3/1] Failed to reload cubin file statically launchable autotuner triton_poi_fused_add_convolution_permute_select_slice_stack_view_46
W1006 17:17:17.553000 112021 .venv-cu130/lib/python3.12/site-packages/torch/_inductor/triton_bundler.py:247] [3/1] Traceback (most recent call last):
W1006 17:17:17.553000 112021 .venv-cu130/lib/python3.12/site-packages/torch/_inductor/triton_bundler.py:247] [3/1]   File "/workspace/repo/.venv-cu130/lib/python3.12/site-packages/torch/_inductor/triton_bundler.py", line 245, in load_autotuners
W1006 17:17:17.553000 112021 .venv-cu130/lib/python3.12/site-packages/torch/_inductor/triton_bundler.py:247] [3/1]     compile_result.reload_cubin_path()
W1006 17:17:17.553000 112021 .venv-cu130/lib/python3.12/site-packages/torch/_inductor/triton_bundler.py:247] [3/1]   File "/workspace/repo/.venv-cu130/lib/python3.12/site-packages/torch/_inductor/runtime/triton_heuristics.py", line 3037, in reload_cubin_path
W1006 17:17:17.553000 112021 .venv-cu130/lib/python3.12/site-packages/torch/_inductor/triton_bundler.py:247] [3/1]     raise RuntimeError(
W1006 17:17:17.553000 112021 .venv-cu130/lib/python3.12/site-packages/torch/_inductor/triton_bundler.py:247] [3/1] RuntimeError: ('Cubin file saved by TritonBundler not found at %s', '/workspace/repo/.inductor_cache_cu130/triton/1/CGRJUR72YVXDG5EHS4IZJRFXFGEP6RCRDWQ7772BABXOCBRGIDSQ/triton_poi_fused_add_convolution_permute_select_slice_stack_view_46.cubin')
W1006 17:17:17.554000 112021 .venv-cu130/lib/python3.12/site-packages/torch/_inductor/triton_bundler.py:247] [3/1] Failed to reload cubin file statically launchable autotuner triton_per_fused__to_copy__unsafe_view_add_clamp_min_clone_div_expand_linalg_vector_norm_mul_permute_pixel_shuffle_silu_stack_view_47
W1006 17:17:17.554000 112021 .venv-cu130/lib/python3.12/site-packages/torch/_inductor/triton_bundler.py:247] [3/1] Traceback (most recent call last):
W1006 17:17:17.554000 112021 .venv-cu130/lib/python3.12/site-packages/torch/_inductor/triton_bundler.py:247] [3/1]   File "/workspace/repo/.venv-cu130/lib/python3.12/site-packages/torch/_inductor/triton_bundler.py", line 245, in load_autotuners
W1006 17:17:17.554000 112021 .venv-cu130/lib/python3.12/site-packages/torch/_inductor/triton_bundler.py:247] [3/1]     compile_result.reload_cubin_path()
W1006 17:17:17.554000 112021 .venv-cu130/lib/python3.12/site-packages/torch/_inductor/triton_bundler.py:247] [3/1]   File "/workspace/repo/.venv-cu130/lib/python3.12/site-packages/torch/_inductor/runtime/triton_heuristics.py", line 3037, in reload_cubin_path
W1006 17:17:17.554000 112021 .venv-cu130/lib/python3.12/site-packages/torch/_inductor/triton_bundler.py:247] [3/1]     raise RuntimeError(
W1006 17:17:17.554000 112021 .venv-cu130/lib/python3.12/site-packages/torch/_inductor/triton_bundler.py:247] [3/1] RuntimeError: ('Cubin file saved by TritonBundler not found at %s', '/workspace/repo/.inductor_cache_cu130/triton/1/P42Z6BMQUC4NIUPTVHPV6RVDUTUXF2RDTZIR6V2JO2BNW4JK2E5Q/triton_per_fused__to_copy__unsafe_view_add_clamp_min_clone_div_expand_linalg_vector_norm_mul_permute_pixel_shuffle_silu_stack_view_47.cubin')
W1006 17:17:17.554000 112021 .venv-cu130/lib/python3.12/site-packages/torch/_inductor/triton_bundler.py:247] [3/1] Failed to reload cubin file statically launchable autotuner triton_poi_fused_clone_slice_48
W1006 17:17:17.554000 112021 .venv-cu130/lib/python3.12/site-packages/torch/_inductor/triton_bundler.py:247] [3/1] Traceback (most recent call last):
W1006 17:17:17.554000 112021 .venv-cu130/lib/python3.12/site-packages/torch/_inductor/triton_bundler.py:247] [3/1]   File "/workspace/repo/.venv-cu130/lib/python3.12/site-packages/torch/_inductor/triton_bundler.py", line 245, in load_autotuners
W1006 17:17:17.554000 112021 .venv-cu130/lib/python3.12/site-packages/torch/_inductor/triton_bundler.py:247] [3/1]     compile_result.reload_cubin_path()
W1006 17:17:17.554000 112021 .venv-cu130/lib/python3.12/site-packages/torch/_inductor/triton_bundler.py:247] [3/1]   File "/workspace/repo/.venv-cu130/lib/python3.12/site-packages/torch/_inductor/runtime/triton_heuristics.py", line 3037, in reload_cubin_path
W1006 17:17:17.554000 112021 .venv-cu130/lib/python3.12/site-packages/torch/_inductor/triton_bundler.py:247] [3/1]     raise RuntimeError(
W1006 17:17:17.554000 112021 .venv-cu130/lib/python3.12/site-packages/torch/_inductor/triton_bundler.py:247] [3/1] RuntimeError: ('Cubin file saved by TritonBundler not found at %s', '/workspace/repo/.inductor_cache_cu130/triton/1/MP4RIJPTHU3ZR7K6LZA2XVPJD7NSCTVNULH4LDTLU5TU5HJWUC4Q/triton_poi_fused_clone_slice_48.cubin')
W1006 17:17:17.554000 112021 .venv-cu130/lib/python3.12/site-packages/torch/_inductor/triton_bundler.py:247] [3/1] Failed to reload cubin file statically launchable autotuner triton_per_fused__to_copy_add_clamp_min_convolution_div_expand_linalg_vector_norm_mul_silu_49
W1006 17:17:17.554000 112021 .venv-cu130/lib/python3.12/site-packages/torch/_inductor/triton_bundler.py:247] [3/1] Traceback (most recent call last):
W1006 17:17:17.554000 112021 .venv-cu130/lib/python3.12/site-packages/torch/_inductor/triton_bundler.py:247] [3/1]   File "/workspace/repo/.venv-cu130/lib/python3.12/site-packages/torch/_inductor/triton_bundler.py", line 245, in load_autotuners
W1006 17:17:17.554000 112021 .venv-cu130/lib/python3.12/site-packages/torch/_inductor/triton_bundler.py:247] [3/1]     compile_result.reload_cubin_path()
W1006 17:17:17.554000 112021 .venv-cu130/lib/python3.12/site-packages/torch/_inductor/triton_bundler.py:247] [3/1]   File "/workspace/repo/.venv-cu130/lib/python3.12/site-packages/torch/_inductor/runtime/triton_heuristics.py", line 3037, in reload_cubin_path
W1006 17:17:17.554000 112021 .venv-cu130/lib/python3.12/site-packages/torch/_inductor/triton_bundler.py:247] [3/1]     raise RuntimeError(
W1006 17:17:17.554000 112021 .venv-cu130/lib/python3.12/site-packages/torch/_inductor/triton_bundler.py:247] [3/1] RuntimeError: ('Cubin file saved by TritonBundler not found at %s', '/workspace/repo/.inductor_cache_cu130/triton/1/27ZZ53QG764OI6GKYXZGDO6ZQ6GREWB4OE6O4CH3V2BY6UPST56A/triton_per_fused__to_copy_add_clamp_min_convolution_div_expand_linalg_vector_norm_mul_silu_49.cubin')
W1006 17:17:17.554000 112021 .venv-cu130/lib/python3.12/site-packages/torch/_inductor/triton_bundler.py:247] [3/1] Failed to reload cubin file statically launchable autotuner triton_per_fused__to_copy__unsafe_view_add_clamp_min_clone_convolution_div_expand_linalg_vector_norm_mul_permute_pixel_shuffle_stack_view_50
W1006 17:17:17.554000 112021 .venv-cu130/lib/python3.12/site-packages/torch/_inductor/triton_bundler.py:247] [3/1] Traceback (most recent call last):
W1006 17:17:17.554000 112021 .venv-cu130/lib/python3.12/site-packages/torch/_inductor/triton_bundler.py:247] [3/1]   File "/workspace/repo/.venv-cu130/lib/python3.12/site-packages/torch/_inductor/triton_bundler.py", line 245, in load_autotuners
W1006 17:17:17.554000 112021 .venv-cu130/lib/python3.12/site-packages/torch/_inductor/triton_bundler.py:247] [3/1]     compile_result.reload_cubin_path()
W1006 17:17:17.554000 112021 .venv-cu130/lib/python3.12/site-packages/torch/_inductor/triton_bundler.py:247] [3/1]   File "/workspace/repo/.venv-cu130/lib/python3.12/site-packages/torch/_inductor/runtime/triton_heuristics.py", line 3037, in reload_cubin_path
W1006 17:17:17.554000 112021 .venv-cu130/lib/python3.12/site-packages/torch/_inductor/triton_bundler.py:247] [3/1]     raise RuntimeError(
W1006 17:17:17.554000 112021 .venv-cu130/lib/python3.12/site-packages/torch/_inductor/triton_bundler.py:247] [3/1] RuntimeError: ('Cubin file saved by TritonBundler not found at %s', '/workspace/repo/.inductor_cache_cu130/triton/1/5YTEDUMRO6EZUMGTKL55E57BCFYXHTQ4WG53L7OHAM2PQFAMTLNA/triton_per_fused__to_copy__unsafe_view_add_clamp_min_clone_convolution_div_expand_linalg_vector_norm_mul_permute_pixel_shuffle_stack_view_50.cubin')
W1006 17:17:17.555000 112021 .venv-cu130/lib/python3.12/site-packages/torch/_inductor/triton_bundler.py:247] [3/1] Failed to reload cubin file statically launchable autotuner triton_poi_fused__to_copy_cat_silu_51
W1006 17:17:17.555000 112021 .venv-cu130/lib/python3.12/site-packages/torch/_inductor/triton_bundler.py:247] [3/1] Traceback (most recent call last):
W1006 17:17:17.555000 112021 .venv-cu130/lib/python3.12/site-packages/torch/_inductor/triton_bundler.py:247] [3/1]   File "/workspace/repo/.venv-cu130/lib/python3.12/site-packages/torch/_inductor/triton_bundler.py", line 245, in load_autotuners
W1006 17:17:17.555000 112021 .venv-cu130/lib/python3.12/site-packages/torch/_inductor/triton_bundler.py:247] [3/1]     compile_result.reload_cubin_path()
W1006 17:17:17.555000 112021 .venv-cu130/lib/python3.12/site-packages/torch/_inductor/triton_bundler.py:247] [3/1]   File "/workspace/repo/.venv-cu130/lib/python3.12/site-packages/torch/_inductor/runtime/triton_heuristics.py", line 3037, in reload_cubin_path
W1006 17:17:17.555000 112021 .venv-cu130/lib/python3.12/site-packages/torch/_inductor/triton_bundler.py:247] [3/1]     raise RuntimeError(
W1006 17:17:17.555000 112021 .venv-cu130/lib/python3.12/site-packages/torch/_inductor/triton_bundler.py:247] [3/1] RuntimeError: ('Cubin file saved by TritonBundler not found at %s', '/workspace/repo/.inductor_cache_cu130/triton/1/3O3EJJUYEYHRZNTQHXST6H4R6RVCLVVH5IN6SZTIFHZBRMYQSDJA/triton_poi_fused__to_copy_cat_silu_51.cubin')
W1006 17:17:17.555000 112021 .venv-cu130/lib/python3.12/site-packages/torch/_inductor/triton_bundler.py:247] [3/1] Failed to reload cubin file statically launchable autotuner triton_per_fused__to_copy__unsafe_view_add_clamp_min_clone_convolution_div_expand_linalg_vector_norm_mul_permute_pixel_shuffle_silu_stack_view_52
W1006 17:17:17.555000 112021 .venv-cu130/lib/python3.12/site-packages/torch/_inductor/triton_bundler.py:247] [3/1] Traceback (most recent call last):
W1006 17:17:17.555000 112021 .venv-cu130/lib/python3.12/site-packages/torch/_inductor/triton_bundler.py:247] [3/1]   File "/workspace/repo/.venv-cu130/lib/python3.12/site-packages/torch/_inductor/triton_bundler.py", line 245, in load_autotuners
W1006 17:17:17.555000 112021 .venv-cu130/lib/python3.12/site-packages/torch/_inductor/triton_bundler.py:247] [3/1]     compile_result.reload_cubin_path()
W1006 17:17:17.555000 112021 .venv-cu130/lib/python3.12/site-packages/torch/_inductor/triton_bundler.py:247] [3/1]   File "/workspace/repo/.venv-cu130/lib/python3.12/site-packages/torch/_inductor/runtime/triton_heuristics.py", line 3037, in reload_cubin_path
W1006 17:17:17.555000 112021 .venv-cu130/lib/python3.12/site-packages/torch/_inductor/triton_bundler.py:247] [3/1]     raise RuntimeError(
W1006 17:17:17.555000 112021 .venv-cu130/lib/python3.12/site-packages/torch/_inductor/triton_bundler.py:247] [3/1] RuntimeError: ('Cubin file saved by TritonBundler not found at %s', '/workspace/repo/.inductor_cache_cu130/triton/1/35X2TQ6YVLAZOWPR7677VLJVMAQF3LXFLHF2M3FQJ6JGRPY7OXVA/triton_per_fused__to_copy__unsafe_view_add_clamp_min_clone_convolution_div_expand_linalg_vector_norm_mul_permute_pixel_shuffle_silu_stack_view_52.cubin')
W1006 17:17:17.555000 112021 .venv-cu130/lib/python3.12/site-packages/torch/_inductor/triton_bundler.py:247] [3/1] Failed to reload cubin file statically launchable autotuner triton_per_fused__to_copy_add_clamp_min_convolution_div_expand_linalg_vector_norm_mul_53
W1006 17:17:17.555000 112021 .venv-cu130/lib/python3.12/site-packages/torch/_inductor/triton_bundler.py:247] [3/1] Traceback (most recent call last):
W1006 17:17:17.555000 112021 .venv-cu130/lib/python3.12/site-packages/torch/_inductor/triton_bundler.py:247] [3/1]   File "/workspace/repo/.venv-cu130/lib/python3.12/site-packages/torch/_inductor/triton_bundler.py", line 245, in load_autotuners
W1006 17:17:17.555000 112021 .venv-cu130/lib/python3.12/site-packages/torch/_inductor/triton_bundler.py:247] [3/1]     compile_result.reload_cubin_path()
W1006 17:17:17.555000 112021 .venv-cu130/lib/python3.12/site-packages/torch/_inductor/triton_bundler.py:247] [3/1]   File "/workspace/repo/.venv-cu130/lib/python3.12/site-packages/torch/_inductor/runtime/triton_heuristics.py", line 3037, in reload_cubin_path
W1006 17:17:17.555000 112021 .venv-cu130/lib/python3.12/site-packages/torch/_inductor/triton_bundler.py:247] [3/1]     raise RuntimeError(
W1006 17:17:17.555000 112021 .venv-cu130/lib/python3.12/site-packages/torch/_inductor/triton_bundler.py:247] [3/1] RuntimeError: ('Cubin file saved by TritonBundler not found at %s', '/workspace/repo/.inductor_cache_cu130/triton/1/H353PHKKRJJJ53MKNREQSIY7TQEBMKID6LFFJKCHEQCAEJA4ELDQ/triton_per_fused__to_copy_add_clamp_min_convolution_div_expand_linalg_vector_norm_mul_53.cubin')
W1006 17:17:17.555000 112021 .venv-cu130/lib/python3.12/site-packages/torch/_inductor/triton_bundler.py:247] [3/1] Failed to reload cubin file statically launchable autotuner triton_tem_fused_convolution_54
W1006 17:17:17.555000 112021 .venv-cu130/lib/python3.12/site-packages/torch/_inductor/triton_bundler.py:247] [3/1] Traceback (most recent call last):
W1006 17:17:17.555000 112021 .venv-cu130/lib/python3.12/site-packages/torch/_inductor/triton_bundler.py:247] [3/1]   File "/workspace/repo/.venv-cu130/lib/python3.12/site-packages/torch/_inductor/triton_bundler.py", line 245, in load_autotuners
W1006 17:17:17.555000 112021 .venv-cu130/lib/python3.12/site-packages/torch/_inductor/triton_bundler.py:247] [3/1]     compile_result.reload_cubin_path()
W1006 17:17:17.555000 112021 .venv-cu130/lib/python3.12/site-packages/torch/_inductor/triton_bundler.py:247] [3/1]   File "/workspace/repo/.venv-cu130/lib/python3.12/site-packages/torch/_inductor/runtime/triton_heuristics.py", line 3037, in reload_cubin_path
W1006 17:17:17.555000 112021 .venv-cu130/lib/python3.12/site-packages/torch/_inductor/triton_bundler.py:247] [3/1]     raise RuntimeError(
W1006 17:17:17.555000 112021 .venv-cu130/lib/python3.12/site-packages/torch/_inductor/triton_bundler.py:247] [3/1] RuntimeError: ('Cubin file saved by TritonBundler not found at %s', '/workspace/repo/.inductor_cache_cu130/triton/1/3VPJY72VSLXCVBBP54IXXVHNDHWFBRKEAILBCYFEOPNYY6WQXJUQ/triton_tem_fused_convolution_54.cubin')
W1006 17:17:17.556000 112021 .venv-cu130/lib/python3.12/site-packages/torch/_inductor/triton_bundler.py:247] [3/1] Failed to reload cubin file statically launchable autotuner triton_poi_fused_convolution_55
W1006 17:17:17.556000 112021 .venv-cu130/lib/python3.12/site-packages/torch/_inductor/triton_bundler.py:247] [3/1] Traceback (most recent call last):
W1006 17:17:17.556000 112021 .venv-cu130/lib/python3.12/site-packages/torch/_inductor/triton_bundler.py:247] [3/1]   File "/workspace/repo/.venv-cu130/lib/python3.12/site-packages/torch/_inductor/triton_bundler.py", line 245, in load_autotuners
W1006 17:17:17.556000 112021 .venv-cu130/lib/python3.12/site-packages/torch/_inductor/triton_bundler.py:247] [3/1]     compile_result.reload_cubin_path()
W1006 17:17:17.556000 112021 .venv-cu130/lib/python3.12/site-packages/torch/_inductor/triton_bundler.py:247] [3/1]   File "/workspace/repo/.venv-cu130/lib/python3.12/site-packages/torch/_inductor/runtime/triton_heuristics.py", line 3037, in reload_cubin_path
W1006 17:17:17.556000 112021 .venv-cu130/lib/python3.12/site-packages/torch/_inductor/triton_bundler.py:247] [3/1]     raise RuntimeError(
W1006 17:17:17.556000 112021 .venv-cu130/lib/python3.12/site-packages/torch/_inductor/triton_bundler.py:247] [3/1] RuntimeError: ('Cubin file saved by TritonBundler not found at %s', '/workspace/repo/.inductor_cache_cu130/triton/1/XSMGDGE6IWKX5WTYLIJEIUNKSJNKLGCYPGN5RLXHV452FT5F2VAQ/triton_poi_fused_convolution_55.cubin')
 10%|#         | 1/10 [02:05<18:49, 125.54s/it] 20%|##        | 2/10 [02:05<06:55, 51.92s/it]  30%|###       | 3/10 [02:06<03:18, 28.39s/it] 40%|####      | 4/10 [02:06<01:44, 17.39s/it] 50%|#####     | 5/10 [02:07<00:56, 11.32s/it] 60%|######    | 6/10 [02:07<00:30,  7.66s/it] 70%|#######   | 7/10 [02:08<00:16,  5.34s/it] 80%|########  | 8/10 [02:09<00:07,  3.82s/it] 90%|######### | 9/10 [02:09<00:02,  2.80s/it]100%|##########| 10/10 [02:10<00:00,  2.11s/it]100%|##########| 10/10 [02:10<00:00, 13.02s/it]
[2026-10-06 17:18:12,128] INFO: Saving generated video to /workspace/runs/skv/s1_cold.mp4
BENCH_E2E trial 1: 28.55 FPS (interval p50 560.4 ms, p95 561.2, p99 561.2; 5 steady chunks), first frame 132846 ms
BENCH_E2E preset=fast gpus=2 832x464, 1 rollout: 28.55 FPS, 11.02 MPPS, interval p95 561.2 ms, first frame 132846 ms (cold: includes compile)
[worker] run took 139.5 s

